code,yahoo,name_en,name_zh,board_lot,category,sub_category,market_cap_100m_hkd
1101,1101.TW,@TCC,@TCC,,TWSE LISTED,Cement,
1102,1102.TW,@ACC,@ACC,,TWSE LISTED,Cement,
1103,1103.TW,@CHC,@CHC,,TWSE LISTED,Cement,
1104,1104.TW,@UCC,@UCC,,TWSE LISTED,Cement,
1108,1108.TW,@LUCKY CEMENT,@LUCKY CEMENT,,TWSE LISTED,Cement,
1109,1109.TW,@HSINGTA,@HSINGTA,,TWSE LISTED,Cement,
1110,1110.TW,@SE CEMENT,@SE CEMENT,,TWSE LISTED,Cement,
1201,1201.TW,@WEI CHUAN,@WEI CHUAN,,TWSE LISTED,Food,
1203,1203.TW,@VE WONG,@VE WONG,,TWSE LISTED,Food,
1210,1210.TW,@GREATWALL,@GREATWALL,,TWSE LISTED,Food,
1213,1213.TW,@OCEANIC BEV.,@OCEANIC BEV.,,TWSE LISTED,Food,
1215,1215.TW,@CPE,@CPE,,TWSE LISTED,Food,
1216,1216.TW,@UNI-PRESIDENT,@UNI-PRESIDENT,,TWSE LISTED,Food,
1217,1217.TW,@AGV,@AGV,,TWSE LISTED,Food,
1218,1218.TW,@TAISUN,@TAISUN,,TWSE LISTED,Food,
1219,1219.TW,@FWUSOW,@FWUSOW,,TWSE LISTED,Food,
1220,1220.TW,@TAIROUN,@TAIROUN,,TWSE LISTED,Food,
1225,1225.TW,@FOPCO,@FOPCO,,TWSE LISTED,Food,
1227,1227.TW,@SFC,@SFC,,TWSE LISTED,Food,
1229,1229.TW,@LHIHC,@LHIHC,,TWSE LISTED,Food,
1231,1231.TW,@LIAN HWA FOODS,@LIAN HWA 食品,,TWSE LISTED,Food,
1232,1232.TW,@TTET,@TTET,,TWSE LISTED,Food,
1233,1233.TW,@TEN REN,@TEN REN,,TWSE LISTED,Food,
1234,1234.TW,@HEY SONG,@HEY SONG,,TWSE LISTED,Food,
1235,1235.TW,@ST,@ST,,TWSE LISTED,Food,
1236,1236.TW,@HUNYA,@HUNYA,,TWSE LISTED,Food,
1256,1256.TW,@SUNJUICE,@SUNJUICE,,TWSE LISTED,Food,
1301,1301.TW,@FPC,@FPC,,TWSE LISTED,Plastic,
1303,1303.TW,@NPC,@NPC,,TWSE LISTED,Plastic,
1304,1304.TW,@USI,@USI,,TWSE LISTED,Plastic,
1305,1305.TW,@CGPC,@CGPC,,TWSE LISTED,Plastic,
1307,1307.TW,@SAN FANG,@SAN FANG,,TWSE LISTED,Plastic,
1308,1308.TW,@APC,@APC,,TWSE LISTED,Plastic,
1309,1309.TW,@TTC,@TTC,,TWSE LISTED,Plastic,
1310,1310.TW,@T.S.M.C.,@T.S.M.C.,,TWSE LISTED,Plastic,
1312,1312.TW,@GPPC,@GPPC,,TWSE LISTED,Plastic,
1313,1313.TW,@UPC,@UPC,,TWSE LISTED,Plastic,
1314,1314.TW,@CPDC,@CPDC,,TWSE LISTED,Plastic,
1315,1315.TW,@TAH HSIN,@TAH HSIN,,TWSE LISTED,Plastic,
1316,1316.TW,@SUN YAD,@SUN YAD,,TWSE LISTED,Building Material&Construction,
1319,1319.TW,@TYG,@TYG,,TWSE LISTED,Automobile,
1321,1321.TW,@OPC,@OPC,,TWSE LISTED,Plastic,
1323,1323.TW,@YONYU,@YONYU,,TWSE LISTED,Plastic,
1324,1324.TW,@GLOBE TAPE,@GLOBE TAPE,,TWSE LISTED,Plastic,
1325,1325.TW,@UK,@UK,,TWSE LISTED,Plastic,
1326,1326.TW,@FCFC,@FCFC,,TWSE LISTED,Plastic,
1337,1337.TW,@ASIA PLASTIC,@ASIA PLASTIC,,TWSE LISTED,Plastic,
1338,1338.TW,@HIROCA,@HIROCA,,TWSE LISTED,Automobile,
1339,1339.TW,@Y.C.C.,@Y.C.C.,,TWSE LISTED,Automobile,
1340,1340.TW,@VICTORY,@VICTORY,,TWSE LISTED,Plastic,
1341,1341.TW,@FULIN-KY,@FULIN-KY,,TWSE LISTED,Plastic,
1342,1342.TW,@CCI YILAN,@CCI YILAN,,TWSE LISTED,Others,
1402,1402.TW,@FENC,@FENC,,TWSE LISTED,Textile,
1409,1409.TW,@SSFC,@SSFC,,TWSE LISTED,Textile,
1410,1410.TW,@NYDF,@NYDF,,TWSE LISTED,Textile,
1413,1413.TW,@H.C.,@H.C.,,TWSE LISTED,Textile,
1414,1414.TW,@TUNG HO,@TUNG HO,,TWSE LISTED,Textile,469.96
1416,1416.TW,@KFIC,@KFIC,,TWSE LISTED,Others,
1417,1417.TW,@CARNIVAL,@CARNIVAL,,TWSE LISTED,Textile,
1418,1418.TW,@TONGHWA,@TONGHWA,,TWSE LISTED,Textile,
1419,1419.TW,@SHINKO.TEXTILE,@SHINKO.TEXTILE,,TWSE LISTED,Textile,
1423,1423.TW,@REWARD WOOL,@REWARD WOOL,,TWSE LISTED,Textile,
1432,1432.TW,@TAROKO,@TAROKO,,TWSE LISTED,Sports and Leisure,
1434,1434.TW,@F.T.C,@F.T.C,,TWSE LISTED,Textile,
1435,1435.TW,@C.F.CORP.,@C.F.CORP.,,TWSE LISTED,Others,
1436,1436.TW,@HUA YU LIEN,@HUA YU LIEN,,TWSE LISTED,Building Material&Construction,
1437,1437.TW,@GTM,@GTM,,TWSE LISTED,Others,
1438,1438.TW,@SANDI,@SANDI,,TWSE LISTED,Building Material&Construction,
1439,1439.TW,@ASCENT,@ASCENT,,TWSE LISTED,Building Material&Construction,
1440,1440.TW,@TAINAN SPINNING,@TAINAN SPINNING,,TWSE LISTED,Textile,
1441,1441.TW,@TAH TONG,@TAH TONG,,TWSE LISTED,Textile,
1442,1442.TW,@ADVANCETEK,@ADVANCETEK,,TWSE LISTED,Building Material&Construction,
1443,1443.TW,@LILYTEXTILE,@LILYTEXTILE,,TWSE LISTED,Others,
1444,1444.TW,@LEALEA,@LEALEA,,TWSE LISTED,Textile,
1445,1445.TW,@UNIVERSAL,@UNIVERSAL,,TWSE LISTED,Textile,
1446,1446.TW,@HONG HO,@HONG HO,,TWSE LISTED,Textile,
1447,1447.TW,@LP,@LP,,TWSE LISTED,Textile,
1449,1449.TW,@CHIA HER,@CHIA HER,,TWSE LISTED,Textile,
1451,1451.TW,@NIEN HSING,@NIEN HSING,,TWSE LISTED,Textile,
1452,1452.TW,@HONG YI,@HONG YI,,TWSE LISTED,Textile,
1453,1453.TW,@TA JIANG,@TA JIANG,,TWSE LISTED,Building Material&Construction,
1454,1454.TW,@TTF,@TTF,,TWSE LISTED,Textile,
1455,1455.TW,@ZIG SHENG,@ZIG SHENG,,TWSE LISTED,Textile,
1456,1456.TW,@I-HWA,@I-HWA,,TWSE LISTED,Building Material&Construction,
1457,1457.TW,@YI JINN,@YI JINN,,TWSE LISTED,Textile,
1459,1459.TW,@LAN FA,@LAN FA,,TWSE LISTED,Textile,
1460,1460.TW,@EVEREST,@EVEREST,,TWSE LISTED,Textile,
1463,1463.TW,@CSG,@CSG,,TWSE LISTED,Textile,
1464,1464.TW,@DE LICACY,@DE LICACY,,TWSE LISTED,Textile,
1465,1465.TW,@WISHER,@WISHER,,TWSE LISTED,Textile,
1466,1466.TW,@ACELON,@ACELON,,TWSE LISTED,Textile,
1467,1467.TW,@TEX-RAY,@TEX-RAY,,TWSE LISTED,Textile,
1468,1468.TW,@CHANG HO,@CHANG HO,,TWSE LISTED,Textile,
1470,1470.TW,@EVERTEX,@EVERTEX,,TWSE LISTED,Textile,
1471,1471.TW,@SL,@SL,,TWSE LISTED,Electronic Parts/Components,
1472,1472.TW,@TRI OCEAN,@TRI OCEAN,,TWSE LISTED,Building Material&Construction,
1473,1473.TW,@TAINAN,@TAINAN,,TWSE LISTED,Textile,
1474,1474.TW,@HONMYUE,@HONMYUE,,TWSE LISTED,Textile,
1475,1475.TW,@BIG SUNSHINE,@BIG SUNSHINE,,TWSE LISTED,Textile,
1476,1476.TW,@ECLAT,@ECLAT,,TWSE LISTED,Textile,
1477,1477.TW,@MAKALOT,@MAKALOT,,TWSE LISTED,Textile,
1503,1503.TW,@SEEC,@SEEC,,TWSE LISTED,Electric Machinery,
1504,1504.TW,@TECO,@TECO,,TWSE LISTED,Electric Machinery,
1506,1506.TW,@RIGHT WAY,@RIGHT WAY,,TWSE LISTED,Electric Machinery,
1512,1512.TW,@JL,@JL,,TWSE LISTED,Automobile,
1513,1513.TW,@CHEM,@CHEM,,TWSE LISTED,Electric Machinery,
1514,1514.TW,@AEC,@AEC,,TWSE LISTED,Electric Machinery,
1515,1515.TW,@REXON,@REXON,,TWSE LISTED,Electric Machinery,
1516,1516.TW,@FALCON,@FALCON,,TWSE LISTED,Others,
1517,1517.TW,@LEE CHI,@LEE CHI,,TWSE LISTED,Electric Machinery,
1519,1519.TW,@FE,@FE,,TWSE LISTED,Electric Machinery,
1521,1521.TW,@TA YIH,@TA YIH,,TWSE LISTED,Automobile,
1522,1522.TW,@TYC,@TYC,,TWSE LISTED,Automobile,
1524,1524.TW,@GORDON,@GORDON,,TWSE LISTED,Automobile,
1525,1525.TW,@KSC,@KSC,,TWSE LISTED,Automobile,
1526,1526.TW,@SUNRACE,@SUNRACE,,TWSE LISTED,Electric Machinery,
1527,1527.TW,@BASSO,@BASSO,,TWSE LISTED,Electric Machinery,
1528,1528.TW,@ANDERSON,@ANDERSON,,TWSE LISTED,Electric Machinery,
1529,1529.TW,@LUXE,@LUXE,,TWSE LISTED,Electric Machinery,
1530,1530.TW,@AWEA,@AWEA,,TWSE LISTED,Electric Machinery,
1531,1531.TW,@KAULIN,@KAULIN,,TWSE LISTED,Electric Machinery,
1532,1532.TW,@CMP,@CMP,,TWSE LISTED,Electric Machinery,
1533,1533.TW,@MORE,@MORE,,TWSE LISTED,Automobile,
1535,1535.TW,@CEC,@CEC,,TWSE LISTED,Electric Machinery,
1536,1536.TW,@HOTA,@HOTA,,TWSE LISTED,Automobile,
1537,1537.TW,@KUNG LONG,@KUNG LONG,,TWSE LISTED,Electric Machinery,
1538,1538.TW,@JF,@JF,,TWSE LISTED,Electric Machinery,
1539,1539.TW,@GT,@GT,,TWSE LISTED,Electric Machinery,
1540,1540.TW,@ROUNDTOP,@ROUNDTOP,,TWSE LISTED,Electric Machinery,
1541,1541.TW,@CHANG TYPE,@CHANG TYPE,,TWSE LISTED,Electric Machinery,
1558,1558.TW,@ZENG HSING,@ZENG HSING,,TWSE LISTED,Electric Machinery,
1560,1560.TW,@KINIK,@KINIK,,TWSE LISTED,Electric Machinery,
1563,1563.TW,@SAI,@SAI,,TWSE LISTED,Automobile,
1568,1568.TW,@T.Y.,@T.Y.,,TWSE LISTED,Automobile,
1582,1582.TW,@SYNCMOLD,@SYNCMOLD,,TWSE LISTED,Electronic Parts/Components,
1583,1583.TW,@GOODWAY,@GOODWAY,,TWSE LISTED,Electric Machinery,
1587,1587.TW,@CM,@CM,,TWSE LISTED,Automobile,
1589,1589.TW,@YGG,@YGG,,TWSE LISTED,Electric Machinery,
1590,1590.TW,@AIRTAC,@AIRTAC,,TWSE LISTED,Electric Machinery,
1597,1597.TW,@CPC,@CPC,,TWSE LISTED,Electric Machinery,
1598,1598.TW,@DYACO,@DYACO,,TWSE LISTED,Sports and Leisure,
1603,1603.TW,@CWCO,@CWCO,,TWSE LISTED,Electrical & Cable,
1604,1604.TW,@SAMPO,@SAMPO,,TWSE LISTED,Electrical & Cable,
1605,1605.TW,@WALSIN,@WALSIN,,TWSE LISTED,Electrical & Cable,
1608,1608.TW,@HE,@HE,,TWSE LISTED,Electrical & Cable,
1609,1609.TW,@TA YA,@TA YA,,TWSE LISTED,Electrical & Cable,
1611,1611.TW,@CE,@CE,,TWSE LISTED,Electrical & Cable,
1612,1612.TW,@HONG TAI,@HONG TAI,,TWSE LISTED,Electrical & Cable,
1614,1614.TW,@TAIWAN SANYO,@TAIWAN SANYO,,TWSE LISTED,Electrical & Cable,
1615,1615.TW,@DAH SAN,@DAH SAN,,TWSE LISTED,Electrical & Cable,
1616,1616.TW,@EVERTOP,@EVERTOP,,TWSE LISTED,Electrical & Cable,
1617,1617.TW,@JSW,@JSW,,TWSE LISTED,Electrical & Cable,
1618,1618.TW,@HK,@HK,,TWSE LISTED,Electrical & Cable,
1623,1623.TW,@TEWC,@TEWC,,TWSE LISTED,Electrical & Cable,
1626,1626.TW,@AIRMATE,@AIRMATE,,TWSE LISTED,Electrical & Cable,
1702,1702.TW,@NAMCHOW,@NAMCHOW,,TWSE LISTED,Food,
1707,1707.TW,@GKB,@GKB,,TWSE LISTED,Biotechnology and Medical Care,
1708,1708.TW,@SESODA,@SESODA,,TWSE LISTED,Chemical Industry,
1709,1709.TW,@FUCC,@FUCC,,TWSE LISTED,Chemical Industry,
1710,1710.TW,@OUCC,@OUCC,,TWSE LISTED,Chemical Industry,
1711,1711.TW,@EVERLIGHT,@EVERLIGHT,,TWSE LISTED,Chemical Industry,
1712,1712.TW,@SINON,@SINON,,TWSE LISTED,Chemical Industry,
1713,1713.TW,@CCW,@CCW,,TWSE LISTED,Chemical Industry,
1714,1714.TW,@HO TUNG,@HO TUNG,,TWSE LISTED,Chemical Industry,
1717,1717.TW,@ETERNAL,@ETERNAL,,TWSE LISTED,Chemical Industry,
1718,1718.TW,@CMFC,@CMFC,,TWSE LISTED,Chemical Industry,
1720,1720.TW,@S.C.P.C,@S.C.P.C,,TWSE LISTED,Biotechnology and Medical Care,
1721,1721.TW,@SUNKO,@SUNKO,,TWSE LISTED,Chemical Industry,
1722,1722.TW,@TFC,@TFC,,TWSE LISTED,Chemical Industry,
1723,1723.TW,@CSCC,@CSCC,,TWSE LISTED,Chemical Industry,
1725,1725.TW,@YJE,@YJE,,TWSE LISTED,Chemical Industry,
1726,1726.TW,@Y.C.P.,@Y.C.P.,,TWSE LISTED,Chemical Industry,
1727,1727.TW,@CHCIW,@CHCIW,,TWSE LISTED,Chemical Industry,
1730,1730.TW,@FARCENT,@FARCENT,,TWSE LISTED,Chemical Industry,
1731,1731.TW,@MAYWUFA,@MAYWUFA,,TWSE LISTED,Biotechnology and Medical Care,
1732,1732.TW,@MAO BAO,@MAO BAO,,TWSE LISTED,Chemical Industry,
1733,1733.TW,@APEXBIO,@APEXBIO,,TWSE LISTED,Biotechnology and Medical Care,
1734,1734.TW,@SINPHAR,@SINPHAR,,TWSE LISTED,Biotechnology and Medical Care,
1735,1735.TW,@EMC,@EMC,,TWSE LISTED,Chemical Industry,
1736,1736.TW,@JHT,@JHT,,TWSE LISTED,Sports and Leisure,
1737,1737.TW,@TAIYEN,@TAIYEN,,TWSE LISTED,Food,
1752,1752.TW,@NANG KUANG,@NANG KUANG,,TWSE LISTED,Biotechnology and Medical Care,
1760,1760.TW,@PBF,@PBF,,TWSE LISTED,Biotechnology and Medical Care,
1762,1762.TW,@CCSB,@CCSB,,TWSE LISTED,Biotechnology and Medical Care,
1773,1773.TW,@SHINY CHEMICAL,@SHINY 化学,,TWSE LISTED,Chemical Industry,
1776,1776.TW,@HEADWAY,@HEADWAY,,TWSE LISTED,Chemical Industry,
1783,1783.TW,@MBI,@MBI,,TWSE LISTED,Biotechnology and Medical Care,
1786,1786.TW,@SVBI,@SVBI,,TWSE LISTED,Biotechnology and Medical Care,
1789,1789.TW,@SPT,@SPT,,TWSE LISTED,Biotechnology and Medical Care,
1795,1795.TW,@LOTUS PHARM,@LOTUS PHARM,,TWSE LISTED,Biotechnology and Medical Care,
1802,1802.TW,@TGI,@TGI,,TWSE LISTED,Glass & Ceramic,
1805,1805.TW,@BLG,@BLG,,TWSE LISTED,Building Material&Construction,
1806,1806.TW,@CHAMPION,@CHAMPION,,TWSE LISTED,Glass & Ceramic,
1808,1808.TW,@RUN LONG,@RUN LONG,,TWSE LISTED,Building Material&Construction,
1809,1809.TW,@CHINA GLAZE,@CHINA GLAZE,,TWSE LISTED,Glass & Ceramic,
1810,1810.TW,@HCG,@HCG,,TWSE LISTED,Glass & Ceramic,
1817,1817.TW,@SANITAR,@SANITAR,,TWSE LISTED,Glass & Ceramic,
1903,1903.TW,@SHIHLIN PAPER,@SHIHLIN PAPER,,TWSE LISTED,Paper & Pulp,
1904,1904.TW,@CHENG LOONG,@CHENG LOONG,,TWSE LISTED,Paper & Pulp,
1905,1905.TW,@CHP,@CHP,,TWSE LISTED,Paper & Pulp,
1906,1906.TW,@BAOLONG INTL.,@BAOLONG INTL.,,TWSE LISTED,Paper & Pulp,
1907,1907.TW,@YFY,@YFY,,TWSE LISTED,Paper & Pulp,
1909,1909.TW,@LONGCHEN P&P,@LONGCHEN P&P,,TWSE LISTED,Paper & Pulp,
2002,2002.TW,@CSC,@CSC,,TWSE LISTED,Iron & Steel,
2006,2006.TW,@TUNG HO STEEL,@TUNG HO STEEL,,TWSE LISTED,Iron & Steel,
2007,2007.TW,@YH,@YH,,TWSE LISTED,Iron & Steel,
2008,2008.TW,@KHC,@KHC,,TWSE LISTED,Iron & Steel,
2009,2009.TW,@FCC,@FCC,,TWSE LISTED,Iron & Steel,
2010,2010.TW,@CHUN YUAN STEEL,@CHUN YUAN STEEL,,TWSE LISTED,Iron & Steel,
2012,2012.TW,@CHUN YU,@CHUN YU,,TWSE LISTED,Iron & Steel,
2013,2013.TW,@CSSC,@CSSC,,TWSE LISTED,Iron & Steel,
2014,2014.TW,@CHUNG HUNG,@CHUNG HUNG,,TWSE LISTED,Iron & Steel,
2015,2015.TW,@FH,@FH,,TWSE LISTED,Iron & Steel,
2017,2017.TW,@QUINTAIN STEEL,@QUINTAIN STEEL,,TWSE LISTED,Iron & Steel,
2020,2020.TW,@MAYER PIPE,@MAYER PIPE,,TWSE LISTED,Iron & Steel,
2022,2022.TW,@TYCOONS,@TYCOONS,,TWSE LISTED,Iron & Steel,
2023,2023.TW,@YP,@YP,,TWSE LISTED,Iron & Steel,
2024,2024.TW,@CHIH LIEN,@CHIH LIEN,,TWSE LISTED,Iron & Steel,
2025,2025.TW,@CSSSC,@CSSSC,,TWSE LISTED,Iron & Steel,
2027,2027.TW,@TC,@TC,,TWSE LISTED,Iron & Steel,
2028,2028.TW,@WEI CHIH,@WEI CHIH,,TWSE LISTED,Iron & Steel,
2029,2029.TW,@SYSCO,@SYSCO,,TWSE LISTED,Iron & Steel,
2030,2030.TW,@FROCH,@FROCH,,TWSE LISTED,Iron & Steel,
2031,2031.TW,@HKSSTEEL,@HKSSTEEL,,TWSE LISTED,Iron & Steel,
2032,2032.TW,@SINKANG,@SINKANG,,TWSE LISTED,Iron & Steel,
2033,2033.TW,@CHIA TA,@CHIA TA,,TWSE LISTED,Iron & Steel,
2034,2034.TW,@YC,@YC,,TWSE LISTED,Iron & Steel,
2038,2038.TW,@HAIKWANG,@HAIKWANG,,TWSE LISTED,Iron & Steel,
2049,2049.TW,@HIWIN,@HIWIN,,TWSE LISTED,Electric Machinery,
2059,2059.TW,@KING SLIDE,@KING SLIDE,,TWSE LISTED,Electronic Parts/Components,
2062,2062.TW,@SSM,@SSM,,TWSE LISTED,Household,
2069,2069.TW,@YC,@YC,,TWSE LISTED,Iron & Steel,
2072,2072.TW,@CWP,@CWP,,TWSE LISTED,Green Energy and Environmental Services,
2101,2101.TW,@NK,@NK,,TWSE LISTED,Rubber,
2102,2102.TW,@FEDERAL CORP,@FEDERAL CORP,,TWSE LISTED,Rubber,
2103,2103.TW,@TSRC,@TSRC,,TWSE LISTED,Rubber,
2104,2104.TW,@CSRC,@CSRC,,TWSE LISTED,Rubber,
2105,2105.TW,@CST,@CST,,TWSE LISTED,Rubber,
2106,2106.TW,@KENDA,@KENDA,,TWSE LISTED,Rubber,
2107,2107.TW,@FRG,@FRG,,TWSE LISTED,Rubber,
2108,2108.TW,@NANTEX,@NANTEX,,TWSE LISTED,Rubber,
2109,2109.TW,@HWA FONG,@HWA FONG,,TWSE LISTED,Rubber,
2114,2114.TW,@HYC,@HYC,,TWSE LISTED,Rubber,
2115,2115.TW,@LUHAI,@LUHAI,,TWSE LISTED,Automobile,
2201,2201.TW,@YL,@YL,,TWSE LISTED,Automobile,
2204,2204.TW,@CMC,@CMC,,TWSE LISTED,Automobile,
2206,2206.TW,@SYM,@SYM,,TWSE LISTED,Automobile,
2207,2207.TW,@HOTAI MOTOR,@HOTAI 汽车,,TWSE LISTED,Automobile,
2208,2208.TW,@CSBC,@CSBC,,TWSE LISTED,Shipping & Transportation,
2211,2211.TW,@EGST,@EGST,,TWSE LISTED,Iron & Steel,
2227,2227.TW,@YNM,@YNM,,TWSE LISTED,Automobile,
2228,2228.TW,@IRF,@IRF,,TWSE LISTED,Automobile,
2231,2231.TW,@CUB,@CUB,,TWSE LISTED,Automobile,
2233,2233.TW,@TURVO,@TURVO,,TWSE LISTED,Automobile,
2236,2236.TW,@PATEC,@PATEC,,TWSE LISTED,Automobile,
2239,2239.TW,@CAYMAN ENGLEY,@CAYMAN ENGLEY,,TWSE LISTED,Automobile,
2241,2241.TW,@AMULAIRE,@AMULAIRE,,TWSE LISTED,Automobile,
2243,2243.TW,@HS,@HS,,TWSE LISTED,Automobile,
2247,2247.TW,@PGUM,@PGUM,,TWSE LISTED,Automobile,
2248,2248.TW,@ELAND,@ELAND,,TWSE LISTED,Automobile,
2250,2250.TW,@IKKA-KY,@IKKA-KY,,TWSE LISTED,Automobile,
2301,2301.TW,@LTC,@LTC,,TWSE LISTED,Computer and Peripheral Equipm,
2302,2302.TW,@RECTRON,@RECTRON,,TWSE LISTED,Semiconductor Industry,
2303,2303.TW,@UMC,@UMC,,TWSE LISTED,Semiconductor Industry,
2305,2305.TW,@MII,@MII,,TWSE LISTED,Computer and Peripheral Equipm,
2308,2308.TW,@DELTA,@DELTA,,TWSE LISTED,Electronic Parts/Components,
2312,2312.TW,@KINPO,@KINPO,,TWSE LISTED,Other Electronic Industry,
2313,2313.TW,@COMPEQ,@COMPEQ,,TWSE LISTED,Electronic Parts/Components,
2314,2314.TW,@MTI,@MTI,,TWSE LISTED,Communications and Internet,
2316,2316.TW,@WUS,@WUS,,TWSE LISTED,Electronic Parts/Components,
2317,2317.TW,@HON HAI,@HON HAI,,TWSE LISTED,Other Electronic Industry,
2321,2321.TW,@TECOM,@TECOM,,TWSE LISTED,Communications and Internet,
2323,2323.TW,@CMC,@CMC,,TWSE LISTED,Optoelectronic Industry,
2324,2324.TW,@COMPAL,@COMPAL,,TWSE LISTED,Computer and Peripheral Equipm,
2327,2327.TW,@YAGEO,@YAGEO,,TWSE LISTED,Electronic Parts/Components,
2328,2328.TW,@PI,@PI,,TWSE LISTED,Electronic Parts/Components,
2329,2329.TW,@OSE,@OSE,,TWSE LISTED,Semiconductor Industry,
2330,2330.TW,@TSMC,@TSMC,,TWSE LISTED,Semiconductor Industry,
2331,2331.TW,@ECS,@ECS,,TWSE LISTED,Computer and Peripheral Equipm,
2332,2332.TW,@D-LINK,@D-LINK,,TWSE LISTED,Communications and Internet,
2337,2337.TW,@MACRONIX,@MACRONIX,,TWSE LISTED,Semiconductor Industry,
2338,2338.TW,@TMC,@TMC,,TWSE LISTED,Semiconductor Industry,
2340,2340.TW,@TASC,@TASC,,TWSE LISTED,Semiconductor Industry,
2342,2342.TW,@MVI,@MVI,,TWSE LISTED,Semiconductor Industry,
2344,2344.TW,@WEC,@WEC,,TWSE LISTED,Semiconductor Industry,
2345,2345.TW,@ACCTON,@ACCTON,,TWSE LISTED,Communications and Internet,
2347,2347.TW,@SYNNEX,@SYNNEX,,TWSE LISTED,Electronic Products Distributi,
2348,2348.TW,@HIYES,@HIYES,,TWSE LISTED,Others,
2349,2349.TW,@RITEK,@RITEK,,TWSE LISTED,Optoelectronic Industry,
2351,2351.TW,@SDI,@SDI,,TWSE LISTED,Semiconductor Industry,
2352,2352.TW,@QISDA,@QISDA,,TWSE LISTED,Computer and Peripheral Equipm,
2353,2353.TW,@ACER,@ACER,,TWSE LISTED,Computer and Peripheral Equipm,
2354,2354.TW,@FTC,@FTC,,TWSE LISTED,Other Electronic Industry,
2355,2355.TW,@CHIN-POON,@CHIN-POON,,TWSE LISTED,Electronic Parts/Components,
2356,2356.TW,@INVENTEC,@INVENTEC,,TWSE LISTED,Computer and Peripheral Equipm,
2357,2357.TW,@ASUSTEK,@ASUSTEK,,TWSE LISTED,Computer and Peripheral Equipm,
2359,2359.TW,@SOLOMON,@SOLOMON,,TWSE LISTED,Other Electronic Industry,
2360,2360.TW,@CHROMA,@CHROMA,,TWSE LISTED,Other Electronic Industry,
2362,2362.TW,@CLEVO CO.,@CLEVO CO.,,TWSE LISTED,Computer and Peripheral Equipm,
2363,2363.TW,@SIS,@SIS,,TWSE LISTED,Semiconductor Industry,
2364,2364.TW,@TWINHEAD,@TWINHEAD,,TWSE LISTED,Computer and Peripheral Equipm,
2365,2365.TW,@KYE,@KYE,,TWSE LISTED,Computer and Peripheral Equipm,
2367,2367.TW,@UNITECH,@UNITECH,,TWSE LISTED,Electronic Parts/Components,
2368,2368.TW,@GCE,@GCE,,TWSE LISTED,Electronic Parts/Components,
2369,2369.TW,@LPI,@LPI,,TWSE LISTED,Semiconductor Industry,
2371,2371.TW,@TATUNG COMPANY,@TATUNG COMPANY,,TWSE LISTED,Electric Machinery,
2373,2373.TW,@AURORA,@AURORA,,TWSE LISTED,Other Electronic Industry,
2374,2374.TW,@ABILITY,@ABILITY,,TWSE LISTED,Optoelectronic Industry,
2375,2375.TW,@KAIMEI,@KAIMEI,,TWSE LISTED,Electronic Parts/Components,
2376,2376.TW,@GIGABYTE,@GIGABYTE,,TWSE LISTED,Computer and Peripheral Equipm,
2377,2377.TW,@MSI,@MSI,,TWSE LISTED,Computer and Peripheral Equipm,
2379,2379.TW,@RT,@RT,,TWSE LISTED,Semiconductor Industry,
2380,2380.TW,@AVISION,@AVISION,,TWSE LISTED,Computer and Peripheral Equipm,
2382,2382.TW,@QCI,@QCI,,TWSE LISTED,Computer and Peripheral Equipm,
2383,2383.TW,@EMC,@EMC,,TWSE LISTED,Electronic Parts/Components,
2385,2385.TW,@CHICONY,@CHICONY,,TWSE LISTED,Electronic Parts/Components,
2387,2387.TW,@SUNREX,@SUNREX,,TWSE LISTED,Computer and Peripheral Equipm,
2388,2388.TW,@VIA,@VIA,,TWSE LISTED,Semiconductor Industry,
2390,2390.TW,@EVERSPRING,@EVERSPRING,,TWSE LISTED,Other Electronic Industry,
2392,2392.TW,@FOXLINK,@FOXLINK,,TWSE LISTED,Electronic Parts/Components,
2393,2393.TW,@EVERLIGHT,@EVERLIGHT,,TWSE LISTED,Optoelectronic Industry,
2395,2395.TW,@ADVANTECH,@ADVANTECH,,TWSE LISTED,Computer and Peripheral Equipm,
2397,2397.TW,@DFI INC.,@DFI INC.,,TWSE LISTED,Computer and Peripheral Equipm,
2399,2399.TW,@BIOSTAR,@BIOSTAR,,TWSE LISTED,Computer and Peripheral Equipm,
2401,2401.TW,@SUNPLUS,@SUNPLUS,,TWSE LISTED,Semiconductor Industry,
2402,2402.TW,@ICHIA,@ICHIA,,TWSE LISTED,Electronic Parts/Components,
2404,2404.TW,@UIS,@UIS,,TWSE LISTED,Other Electronic Industry,
2405,2405.TW,@SHUTTLE,@SHUTTLE,,TWSE LISTED,Computer and Peripheral Equipm,
2406,2406.TW,@GSC,@GSC,,TWSE LISTED,Optoelectronic Industry,
2408,2408.TW,@NTC,@NTC,,TWSE LISTED,Semiconductor Industry,
2409,2409.TW,@AUO,@AUO,,TWSE LISTED,Optoelectronic Industry,
2412,2412.TW,@CHT,@CHT,,TWSE LISTED,Communications and Internet,
2413,2413.TW,@UMEC,@UMEC,,TWSE LISTED,Electronic Parts/Components,
2414,2414.TW,@UT,@UT,,TWSE LISTED,Electronic Products Distributi,
2415,2415.TW,@CX TECH,@CX TECH,,TWSE LISTED,Electronic Parts/Components,
2417,2417.TW,@AVERMEDIA,@AVERMEDIA,,TWSE LISTED,Computer and Peripheral Equipm,
2419,2419.TW,@H.T.,@H.T.,,TWSE LISTED,Communications and Internet,
2420,2420.TW,@ZIPPY,@ZIPPY,,TWSE LISTED,Electronic Parts/Components,
2421,2421.TW,@SUNON,@SUNON,,TWSE LISTED,Electronic Parts/Components,
2423,2423.TW,@GW,@GW,,TWSE LISTED,Other Electronic Industry,
2424,2424.TW,@LUNG HWA,@LUNG HWA,,TWSE LISTED,Communications and Internet,
2425,2425.TW,@CHAINTECH,@CHAINTECH,,TWSE LISTED,Computer and Peripheral Equipm,
2426,2426.TW,@TYNTEK,@TYNTEK,,TWSE LISTED,Optoelectronic Industry,
2427,2427.TW,@MDS,@MDS,,TWSE LISTED,Information Service Industry,
2428,2428.TW,@THINKING,@THINKING,,TWSE LISTED,Electronic Parts/Components,
2429,2429.TW,@PWT,@PWT,,TWSE LISTED,Optoelectronic Industry,
2430,2430.TW,@TKE,@TKE,,TWSE LISTED,Electronic Products Distributi,
2431,2431.TW,@LIEN CHANG,@LIEN CHANG,,TWSE LISTED,Electronic Parts/Components,
2433,2433.TW,@HUXEN,@HUXEN,,TWSE LISTED,Other Electronic Industry,
2434,2434.TW,@MOSPEC,@MOSPEC,,TWSE LISTED,Semiconductor Industry,
2436,2436.TW,@WELTREND,@WELTREND,,TWSE LISTED,Semiconductor Industry,
2438,2438.TW,@ENLIGHT,@ENLIGHT,,TWSE LISTED,Optoelectronic Industry,
2439,2439.TW,@MERRY,@MERRY,,TWSE LISTED,Communications and Internet,
2440,2440.TW,@SPACE SHUTTLE,@SPACE SHUTTLE,,TWSE LISTED,Electronic Parts/Components,
2441,2441.TW,@GTK,@GTK,,TWSE LISTED,Semiconductor Industry,
2442,2442.TW,@JEAN,@JEAN,,TWSE LISTED,Building Material&Construction,
2444,2444.TW,@ABOCOM,@ABOCOM,,TWSE LISTED,Communications and Internet,
2449,2449.TW,@KYEC,@KYEC,,TWSE LISTED,Semiconductor Industry,
2450,2450.TW,@SENAO,@SENAO,,TWSE LISTED,Communications and Internet,
2451,2451.TW,@TRANSCEND,@TRANSCEND,,TWSE LISTED,Semiconductor Industry,
2453,2453.TW,@SYSCOM,@SYSCOM,,TWSE LISTED,Information Service Industry,
2454,2454.TW,@MEDIATEK,@MEDIATEK,,TWSE LISTED,Semiconductor Industry,
2455,2455.TW,@VPEC,@VPEC,,TWSE LISTED,Communications and Internet,
2457,2457.TW,@PHIHONG,@PHIHONG,,TWSE LISTED,Electronic Parts/Components,
2458,2458.TW,@ELAN,@ELAN,,TWSE LISTED,Semiconductor Industry,
2459,2459.TW,@AUDIX,@AUDIX,,TWSE LISTED,Other Electronic Industry,
2460,2460.TW,@GEM,@GEM,,TWSE LISTED,Electronic Parts/Components,
2461,2461.TW,@K LASER,@K LASER,,TWSE LISTED,Other Electronic Industry,
2462,2462.TW,@LINE TEK,@LINE TEK,,TWSE LISTED,Electronic Parts/Components,
2464,2464.TW,@MIRLE,@MIRLE,,TWSE LISTED,Other Electronic Industry,
2465,2465.TW,@LEADTEK,@LEADTEK,,TWSE LISTED,Computer and Peripheral Equipm,
2466,2466.TW,@COSMO,@COSMO,,TWSE LISTED,Optoelectronic Industry,
2467,2467.TW,@C SUN,@C SUN,,TWSE LISTED,Electronic Parts/Components,
2468,2468.TW,@FIS,@FIS,,TWSE LISTED,Information Service Industry,
2471,2471.TW,@ARES,@ARES,,TWSE LISTED,Information Service Industry,
2472,2472.TW,@LELON,@LELON,,TWSE LISTED,Electronic Parts/Components,
2474,2474.TW,@CATCHER,@CATCHER,,TWSE LISTED,Other Electronic Industry,
2476,2476.TW,@GS,@GS,,TWSE LISTED,Electronic Parts/Components,
2477,2477.TW,@MEILOON,@MEILOON,,TWSE LISTED,Other Electronic Industry,
2478,2478.TW,@TA-I,@TA-I,,TWSE LISTED,Electronic Parts/Components,
2480,2480.TW,@STARK,@STARK,,TWSE LISTED,Information Service Industry,
2481,2481.TW,@PANJIT,@PANJIT,,TWSE LISTED,Semiconductor Industry,
2482,2482.TW,@UIC,@UIC,,TWSE LISTED,Other Electronic Industry,
2483,2483.TW,@ECE,@ECE,,TWSE LISTED,Electronic Parts/Components,
2484,2484.TW,@SIWARD,@SIWARD,,TWSE LISTED,Electronic Parts/Components,
2485,2485.TW,@ZINWELL,@ZINWELL,,TWSE LISTED,Communications and Internet,
2486,2486.TW,@I-CHIUN,@I-CHIUN,,TWSE LISTED,Optoelectronic Industry,
2488,2488.TW,@HANPIN,@HANPIN,,TWSE LISTED,Other Electronic Industry,
2489,2489.TW,@AMTRAN,@AMTRAN,,TWSE LISTED,Optoelectronic Industry,
2491,2491.TW,@FOCL,@FOCL,,TWSE LISTED,Optoelectronic Industry,
2492,2492.TW,@WTC,@WTC,,TWSE LISTED,Electronic Parts/Components,1088.18
2493,2493.TW,@AMPOC,@AMPOC,,TWSE LISTED,Electronic Parts/Components,
2495,2495.TW,@INFORTREND,@INFORTREND,,TWSE LISTED,Computer and Peripheral Equipm,
2496,2496.TW,@SPC,@SPC,,TWSE LISTED,Others,
2497,2497.TW,@E-LEAD,@E-LEAD,,TWSE LISTED,Automobile,
2498,2498.TW,@HTC,@HTC,,TWSE LISTED,Communications and Internet,
2501,2501.TW,@CATHAY RED,@CATHAY RED,,TWSE LISTED,Building Material&Construction,
2504,2504.TW,@GBM,@GBM,,TWSE LISTED,Building Material&Construction,1088.18
2505,2505.TW,@KY,@KY,,TWSE LISTED,Building Material&Construction,
2506,2506.TW,@PCC,@PCC,,TWSE LISTED,Building Material&Construction,
2509,2509.TW,@CHAINQUI,@CHAINQUI,,TWSE LISTED,Building Material&Construction,
2511,2511.TW,@PHD,@PHD,,TWSE LISTED,Building Material&Construction,
2514,2514.TW,@LONG BON,@LONG BON,,TWSE LISTED,Others,
2515,2515.TW,@BES,@BES,,TWSE LISTED,Building Material&Construction,
2516,2516.TW,@NEW ASIA,@NEW ASIA,,TWSE LISTED,Building Material&Construction,
2520,2520.TW,@KINDOM,@KINDOM,,TWSE LISTED,Building Material&Construction,
2524,2524.TW,@KTC,@KTC,,TWSE LISTED,Building Material&Construction,
2527,2527.TW,@HUNG CHING,@HUNG CHING,,TWSE LISTED,Building Material&Construction,
2528,2528.TW,@CROWELL,@CROWELL,,TWSE LISTED,Building Material&Construction,
2530,2530.TW,@DELPHA,@DELPHA,,TWSE LISTED,Building Material&Construction,
2534,2534.TW,@HSC,@HSC,,TWSE LISTED,Building Material&Construction,
2535,2535.TW,@DA-CIN,@DA-CIN,,TWSE LISTED,Building Material&Construction,
2536,2536.TW,@HONG PU,@HONG PU,,TWSE LISTED,Building Material&Construction,
2537,2537.TW,@WE & WIN,@WE & WIN,,TWSE LISTED,Building Material&Construction,
2538,2538.TW,@KEETAI,@KEETAI,,TWSE LISTED,Building Material&Construction,
2539,2539.TW,@SAKURAD,@SAKURAD,,TWSE LISTED,Building Material&Construction,
2540,2540.TW,@JSL,@JSL,,TWSE LISTED,Building Material&Construction,
2542,2542.TW,@HIGHWEALTH,@HIGHWEALTH,,TWSE LISTED,Building Material&Construction,
2543,2543.TW,@HWANG CHANG,@HWANG CHANG,,TWSE LISTED,Building Material&Construction,
2545,2545.TW,@HUANG HSIANG,@HUANG HSIANG,,TWSE LISTED,Building Material&Construction,
2546,2546.TW,@KEDGE,@KEDGE,,TWSE LISTED,Building Material&Construction,
2547,2547.TW,@RADIUM,@RADIUM,,TWSE LISTED,Building Material&Construction,
2548,2548.TW,@HUAKU,@HUAKU,,TWSE LISTED,Building Material&Construction,
2597,2597.TW,@REC,@REC,,TWSE LISTED,Building Material&Construction,
2601,2601.TW,@FSC,@FSC,,TWSE LISTED,Shipping & Transportation,
2603,2603.TW,@EMC,@EMC,,TWSE LISTED,Shipping & Transportation,
2605,2605.TW,@SNC,@SNC,,TWSE LISTED,Shipping & Transportation,
2606,2606.TW,@U-MING,@U-MING,,TWSE LISTED,Shipping & Transportation,1087.58
2607,2607.TW,@EITC,@EITC,,TWSE LISTED,Shipping & Transportation,
2608,2608.TW,@KERRY TJ,@KERRY TJ,,TWSE LISTED,Shipping & Transportation,
2609,2609.TW,@YMTC,@YMTC,,TWSE LISTED,Shipping & Transportation,1087.58
2610,2610.TW,@CAL,@CAL,,TWSE LISTED,Shipping & Transportation,1087.58
2611,2611.TW,@TSI,@TSI,,TWSE LISTED,Shipping & Transportation,
2612,2612.TW,@CMT,@CMT,,TWSE LISTED,Shipping & Transportation,
2613,2613.TW,@CCTC,@CCTC,,TWSE LISTED,Shipping & Transportation,
2614,2614.TW,@EMIC,@EMIC,,TWSE LISTED,Others,
2615,2615.TW,@WANHAI,@WANHAI,,TWSE LISTED,Shipping & Transportation,
2616,2616.TW,@SLC,@SLC,,TWSE LISTED,"Oil, Gas and Electricity Indu",
2617,2617.TW,@TNC,@TNC,,TWSE LISTED,Shipping & Transportation,
2618,2618.TW,@EVAAIR,@EVAAIR,,TWSE LISTED,Shipping & Transportation,
2630,2630.TW,@AACL,@AACL,,TWSE LISTED,Shipping & Transportation,
2633,2633.TW,@THSRC,@THSRC,,TWSE LISTED,Shipping & Transportation,
2634,2634.TW,@AIDC,@AIDC,,TWSE LISTED,Shipping & Transportation,
2636,2636.TW,@T3EX,@T3EX,,TWSE LISTED,Shipping & Transportation,
2637,2637.TW,@WISDOM,@WISDOM,,TWSE LISTED,Shipping & Transportation,
2642,2642.TW,@PELICAN,@PELICAN,,TWSE LISTED,Shipping & Transportation,
2645,2645.TW,@EGAT,@EGAT,,TWSE LISTED,Shipping & Transportation,
2646,2646.TW,@STARLUX AIR,@STARLUX AIR,,TWSE LISTED,Shipping & Transportation,
2701,2701.TW,@WANHWA,@WANHWA,,TWSE LISTED,Tourism and Hospitality,
2702,2702.TW,@HG,@HG,,TWSE LISTED,Tourism and Hospitality,
2704,2704.TW,@AMBH,@AMBH,,TWSE LISTED,Tourism and Hospitality,
2705,2705.TW,@LEOFOO,@LEOFOO,,TWSE LISTED,Tourism and Hospitality,
2706,2706.TW,@FIRST HOTEL,@FIRST HOTEL,,TWSE LISTED,Tourism and Hospitality,
2707,2707.TW,@GFRT,@GFRT,,TWSE LISTED,Tourism and Hospitality,
2712,2712.TW,@FGH,@FGH,,TWSE LISTED,Tourism and Hospitality,
2722,2722.TW,@CHATEAU,@CHATEAU,,TWSE LISTED,Tourism and Hospitality,
2723,2723.TW,@GOURMET,@GOURMET,,TWSE LISTED,Tourism and Hospitality,
2727,2727.TW,@WOWPRIME,@WOWPRIME,,TWSE LISTED,Tourism and Hospitality,1087.76
2731,2731.TW,@LIONTRAVEL,@LIONTRAVEL,,TWSE LISTED,Tourism and Hospitality,1087.76
2739,2739.TW,@MY HUMBLE HOUSE,@MY HUMBLE HOUSE,,TWSE LISTED,Tourism and Hospitality,
2748,2748.TW,@FDC,@FDC,,TWSE LISTED,Tourism and Hospitality,
2753,2753.TW,@BAFANG,@BAFANG,,TWSE LISTED,Tourism and Hospitality,
2762,2762.TW,@WORLD GYM,@WORLD GYM,,TWSE LISTED,Sports and Leisure,1087.76
2801,2801.TW,@CHANG HWA BANK,@CHANG HWA 银行,,TWSE LISTED,Financial & Insurance,
2812,2812.TW,@T.C.C.B.,@T.C.C.B.,,TWSE LISTED,Financial & Insurance,
2816,2816.TW,@UNION INS.,@UNION INS.,,TWSE LISTED,Financial & Insurance,
2820,2820.TW,@CBF,@CBF,,TWSE LISTED,Financial & Insurance,
2832,2832.TW,@TFMI,@TFMI,,TWSE LISTED,Financial & Insurance,
2834,2834.TW,@TBB,@TBB,,TWSE LISTED,Financial & Insurance,
2836,2836.TW,@B.O.K,@B.O.K,,TWSE LISTED,Financial & Insurance,
2838,2838.TW,@UBOT,@UBOT,,TWSE LISTED,Financial & Insurance,
2845,2845.TW,@FEIB,@FEIB,,TWSE LISTED,Financial & Insurance,
2849,2849.TW,@ENTIE BANK,@ENTIE 银行,,TWSE LISTED,Financial & Insurance,
2850,2850.TW,@SK INSURANCE,@SK 保险,,TWSE LISTED,Financial & Insurance,
2851,2851.TW,@CENTRAL RE,@CENTRAL RE,,TWSE LISTED,Financial & Insurance,
2852,2852.TW,@FIRST INS,@FIRST INS,,TWSE LISTED,Financial & Insurance,
2855,2855.TW,@PSC,@PSC,,TWSE LISTED,Financial & Insurance,
2880,2880.TW,@HNFHC,@HNFHC,,TWSE LISTED,Financial & Insurance,
2881,2881.TW,@FUBON FINANCIAL,@FUBON 金融,,TWSE LISTED,Financial & Insurance,
2882,2882.TW,@CATHAY FHC,@CATHAY FHC,,TWSE LISTED,Financial & Insurance,
2883,2883.TW,@KGI FINANCIAL,@KGI 金融,,TWSE LISTED,Financial & Insurance,1087.76
2884,2884.TW,@E.S.F.H,@E.S.F.H,,TWSE LISTED,Financial & Insurance,
2885,2885.TW,@YUANTA GROUP,@YUANTA 集团,,TWSE LISTED,Financial & Insurance,
2886,2886.TW,@MEGA FHC,@MEGA FHC,,TWSE LISTED,Financial & Insurance,
2887,2887.TW,@TS HOLDINGS,@TS 控股,,TWSE LISTED,Financial & Insurance,1087.76
2889,2889.TW,@IBF,@IBF,,TWSE LISTED,Financial & Insurance,
2890,2890.TW,@SINOPAC HOLDINGS,@SINOPAC 控股,,TWSE LISTED,Financial & Insurance,
2891,2891.TW,@CTBC HOLDING,@CTBC HOLDING,,TWSE LISTED,Financial & Insurance,1087.76
2892,2892.TW,@FFHC,@FFHC,,TWSE LISTED,Financial & Insurance,
2897,2897.TW,@O-BANK,@O-银行,,TWSE LISTED,Financial & Insurance,
2901,2901.TW,@SHIN SHIN,@SHIN SHIN,,TWSE LISTED,Trading & Consumers Goods,
2903,2903.TW,@FEDS,@FEDS,,TWSE LISTED,Trading & Consumers Goods,
2904,2904.TW,@POCS,@POCS,,TWSE LISTED,Others,
2905,2905.TW,@MERCURIES,@MERCURIES,,TWSE LISTED,Trading & Consumers Goods,
2906,2906.TW,@COLLINS,@COLLINS,,TWSE LISTED,Trading & Consumers Goods,
2908,2908.TW,@TEST RITE,@TEST RITE,,TWSE LISTED,Trading & Consumers Goods,
2910,2910.TW,@TONLIN,@TONLIN,,TWSE LISTED,Trading & Consumers Goods,
2911,2911.TW,@LES ENPHANTS,@LES ENPHANTS,,TWSE LISTED,Trading & Consumers Goods,
2912,2912.TW,@PCSC,@PCSC,,TWSE LISTED,Trading & Consumers Goods,
2913,2913.TW,@TTC,@TTC,,TWSE LISTED,Trading & Consumers Goods,
2915,2915.TW,@RUENTEX IND.LTD,@RUENTEX IND.LTD,,TWSE LISTED,Trading & Consumers Goods,
2923,2923.TW,@SINO HORIZON,@SINO HORIZON,,TWSE LISTED,Building Material&Construction,1087.76
2929,2929.TW,@TOPBI,@TOPBI,,TWSE LISTED,Trading & Consumers Goods,
2939,2939.TW,@VITAFOSS-KY,@VITAFOSS-KY,,TWSE LISTED,Trading & Consumers Goods,
2945,2945.TW,@SIMPLE MART,@SIMPLE MART,,TWSE LISTED,Trading & Consumers Goods,
3002,3002.TW,@AHOKU,@AHOKU,,TWSE LISTED,Computer and Peripheral Equipm,
3003,3003.TW,@KST,@KST,,TWSE LISTED,Electronic Parts/Components,
3004,3004.TW,@NAFCO,@NAFCO,,TWSE LISTED,Iron & Steel,
3005,3005.TW,@GETAC,@GETAC,,TWSE LISTED,Computer and Peripheral Equipm,
3006,3006.TW,@ESMT,@ESMT,,TWSE LISTED,Semiconductor Industry,
3008,3008.TW,@LARGAN,@LARGAN,,TWSE LISTED,Optoelectronic Industry,
3010,3010.TW,@WAH LEE,@WAH LEE,,TWSE LISTED,Electronic Products Distributi,
3011,3011.TW,@JH,@JH,,TWSE LISTED,Electronic Parts/Components,
3013,3013.TW,@UNEEC,@UNEEC,,TWSE LISTED,Computer and Peripheral Equipm,
3014,3014.TW,@ITE,@ITE,,TWSE LISTED,Semiconductor Industry,
3015,3015.TW,@FSP,@FSP,,TWSE LISTED,Electronic Parts/Components,
3016,3016.TW,@EPI,@EPI,,TWSE LISTED,Semiconductor Industry,
3017,3017.TW,@AVC,@AVC,,TWSE LISTED,Computer and Peripheral Equipm,1087.76
3018,3018.TW,@LUNG MING,@LUNG MING,,TWSE LISTED,Other Electronic Industry,
3019,3019.TW,@ASIA,@ASIA,,TWSE LISTED,Optoelectronic Industry,
3021,3021.TW,@WELLTEND,@WELLTEND,,TWSE LISTED,Electronic Parts/Components,
3022,3022.TW,@IEI,@IEI,,TWSE LISTED,Computer and Peripheral Equipm,
3023,3023.TW,@SINBON,@SINBON,,TWSE LISTED,Electronic Parts/Components,
3024,3024.TW,@ACTION,@ACTION,,TWSE LISTED,Optoelectronic Industry,
3025,3025.TW,@LOOP,@LOOP,,TWSE LISTED,Communications and Internet,
3026,3026.TW,@HOLY STONE,@HOLY STONE,,TWSE LISTED,Electronic Parts/Components,
3027,3027.TW,@BILLION,@BILLION,,TWSE LISTED,Communications and Internet,1087.76
3028,3028.TW,@ZENITRON,@ZENITRON,,TWSE LISTED,Electronic Products Distributi,
3029,3029.TW,@ZERO ONE,@ZERO ONE,,TWSE LISTED,Information Service Industry,
3030,3030.TW,@TRI,@TRI,,TWSE LISTED,Other Electronic Industry,
3031,3031.TW,@BRIGHT,@BRIGHT,,TWSE LISTED,Optoelectronic Industry,
3032,3032.TW,@COMPUCASE,@COMPUCASE,,TWSE LISTED,Electronic Parts/Components,1087.87
3033,3033.TW,@WEIKENG,@WEIKENG,,TWSE LISTED,Electronic Products Distributi,
3034,3034.TW,@NOVATEK,@NOVATEK,,TWSE LISTED,Semiconductor Industry,1087.87
3035,3035.TW,@FARADAY,@FARADAY,,TWSE LISTED,Semiconductor Industry,
3036,3036.TW,@WT,@WT,,TWSE LISTED,Electronic Products Distributi,
3037,3037.TW,@UNIMICRON,@UNIMICRON,,TWSE LISTED,Electronic Parts/Components,
3038,3038.TW,@EDT,@EDT,,TWSE LISTED,Optoelectronic Industry,
3040,3040.TW,@G.V.,@G.V.,,TWSE LISTED,Others,
3041,3041.TW,@ALI,@ALI,,TWSE LISTED,Semiconductor Industry,
3042,3042.TW,@TXC,@TXC,,TWSE LISTED,Electronic Parts/Components,
3043,3043.TW,@PCM,@PCM,,TWSE LISTED,Other Electronic Industry,
3044,3044.TW,@TRIPOD,@TRIPOD,,TWSE LISTED,Electronic Parts/Components,
3045,3045.TW,@TWM,@TWM,,TWSE LISTED,Communications and Internet,1081.52
3046,3046.TW,@AOPEN,@AOPEN,,TWSE LISTED,Computer and Peripheral Equipm,1087.87
3047,3047.TW,@EDIMAX,@EDIMAX,,TWSE LISTED,Communications and Internet,
3048,3048.TW,@EDOM,@EDOM,,TWSE LISTED,Electronic Products Distributi,
3049,3049.TW,@HANNSTOUCH,@HANNSTOUCH,,TWSE LISTED,Optoelectronic Industry,
3050,3050.TW,@U-TECH,@U-TECH,,TWSE LISTED,Optoelectronic Industry,
3051,3051.TW,@OPTIMAX,@OPTIMAX,,TWSE LISTED,Optoelectronic Industry,
3052,3052.TW,@APEX,@APEX,,TWSE LISTED,Building Material&Construction,
3054,3054.TW,@LIWANLI,@LIWANLI,,TWSE LISTED,Electronic Products Distributi,
3055,3055.TW,@SPIROX CORP.,@SPIROX CORP.,,TWSE LISTED,Electronic Products Distributi,
3056,3056.TW,@FU HUA,@FU HUA,,TWSE LISTED,Building Material&Construction,
3057,3057.TW,@PROMISE,@PROMISE,,TWSE LISTED,Computer and Peripheral Equipm,
3058,3058.TW,@LEI,@LEI,,TWSE LISTED,Electronic Parts/Components,
3059,3059.TW,@ALTEK,@ALTEK,,TWSE LISTED,Optoelectronic Industry,
3060,3060.TW,@MIN AIK,@MIN AIK,,TWSE LISTED,Computer and Peripheral Equipm,
3062,3062.TW,@CYBERTAN,@CYBERTAN,,TWSE LISTED,Communications and Internet,
3090,3090.TW,@NDB,@NDB,,TWSE LISTED,Electronic Parts/Components,
3092,3092.TW,@HOTRON,@HOTRON,,TWSE LISTED,Electronic Parts/Components,
3094,3094.TW,@DAVICOM,@DAVICOM,,TWSE LISTED,Semiconductor Industry,
3130,3130.TW,@104,@104,,TWSE LISTED,Digital and Cloud Services,
3135,3135.TW,@GOLDKEY TECH.,@GOLDKEY TECH.,,TWSE LISTED,Semiconductor Industry,
3138,3138.TW,@AUDEN,@AUDEN,,TWSE LISTED,Communications and Internet,
3149,3149.TW,@G-TECH,@G-TECH,,TWSE LISTED,Optoelectronic Industry,
3164,3164.TW,@GENMONT,@GENMONT,,TWSE LISTED,Biotechnology and Medical Care,
3167,3167.TW,@TA LIANG,@TA LIANG,,TWSE LISTED,Electric Machinery,
3168,3168.TW,@DATA IMAGE,@DATA IMAGE,,TWSE LISTED,Optoelectronic Industry,
3189,3189.TW,@KINSUS,@KINSUS,,TWSE LISTED,Semiconductor Industry,
3209,3209.TW,@ALLTEK,@ALLTEK,,TWSE LISTED,Electronic Products Distributi,
3229,3229.TW,@CHEER TIME,@CHEER TIME,,TWSE LISTED,Electronic Parts/Components,
3231,3231.TW,@WISTRON,@WISTRON,,TWSE LISTED,Computer and Peripheral Equipm,
3257,3257.TW,@CHAMPION,@CHAMPION,,TWSE LISTED,Semiconductor Industry,
3266,3266.TW,@SUNTY,@SUNTY,,TWSE LISTED,Building Material&Construction,
3296,3296.TW,@POWERTECH,@POWERTECH,,TWSE LISTED,Electronic Parts/Components,
3305,3305.TW,@SHENMAO,@SHENMAO,,TWSE LISTED,Other Electronic Industry,
3308,3308.TW,@BESTEC,@BESTEC,,TWSE LISTED,Electronic Parts/Components,
3311,3311.TW,@SILITECH,@SILITECH,,TWSE LISTED,Communications and Internet,
3312,3312.TW,@GMI,@GMI,,TWSE LISTED,Electronic Products Distributi,
3321,3321.TW,@UNIFLEX,@UNIFLEX,,TWSE LISTED,Electronic Parts/Components,
3338,3338.TW,@TAISOL,@TAISOL,,TWSE LISTED,Electronic Parts/Components,
3346,3346.TW,@LASTER TECH,@LASTER TECH,,TWSE LISTED,Automobile,
3356,3356.TW,@GEOVISION,@GEOVISION,,TWSE LISTED,Optoelectronic Industry,
3376,3376.TW,@SZS,@SZS,,TWSE LISTED,Electronic Parts/Components,
3380,3380.TW,@ALPHA,@ALPHA,,TWSE LISTED,Communications and Internet,
3406,3406.TW,@GSEO,@GSEO,,TWSE LISTED,Optoelectronic Industry,
3413,3413.TW,@FITI,@FITI,,TWSE LISTED,Semiconductor Industry,
3416,3416.TW,@WINMATE,@WINMATE,,TWSE LISTED,Computer and Peripheral Equipm,
3419,3419.TW,@WHAYU,@WHAYU,,TWSE LISTED,Communications and Internet,
3432,3432.TW,@TAI TWUN,@TAI TWUN,,TWSE LISTED,Electronic Parts/Components,
3437,3437.TW,@AOT,@AOT,,TWSE LISTED,Optoelectronic Industry,
3443,3443.TW,@GUC,@GUC,,TWSE LISTED,Semiconductor Industry,
3447,3447.TW,@XAVI,@XAVI,,TWSE LISTED,Communications and Internet,
3450,3450.TW,@ELASER,@ELASER,,TWSE LISTED,Semiconductor Industry,
3481,3481.TW,@INX,@INX,,TWSE LISTED,Optoelectronic Industry,
3494,3494.TW,@HITI,@HITI,,TWSE LISTED,Computer and Peripheral Equipm,
3501,3501.TW,@WELL SHIN,@WELL SHIN,,TWSE LISTED,Electronic Parts/Components,
3504,3504.TW,@YOUNG OPTICS,@YOUNG OPTICS,,TWSE LISTED,Optoelectronic Industry,
3515,3515.TW,@ASROCK,@ASROCK,,TWSE LISTED,Computer and Peripheral Equipm,
3518,3518.TW,@PT TECH.,@PT TECH.,,TWSE LISTED,Other Electronic Industry,
3528,3528.TW,@ANSTEK,@ANSTEK,,TWSE LISTED,Electronic Products Distributi,
3530,3530.TW,@SOI,@SOI,,TWSE LISTED,Semiconductor Industry,
3532,3532.TW,@FST,@FST,,TWSE LISTED,Semiconductor Industry,
3533,3533.TW,@LOTES,@LOTES,,TWSE LISTED,Electronic Parts/Components,
3535,3535.TW,@FAVITE,@FAVITE,,TWSE LISTED,Optoelectronic Industry,
3543,3543.TW,@JOCHU,@JOCHU,,TWSE LISTED,Optoelectronic Industry,
3545,3545.TW,@FOCALTECH,@FOCALTECH,,TWSE LISTED,Semiconductor Industry,
3550,3550.TW,@COPARTNER,@COPARTNER,,TWSE LISTED,Electronic Parts/Components,
3557,3557.TW,@JIAWEI,@JIAWEI,,TWSE LISTED,Household,
3563,3563.TW,@MACHVISION,@MACHVISION,,TWSE LISTED,Optoelectronic Industry,
3576,3576.TW,@URE,@URE,,TWSE LISTED,Optoelectronic Industry,
3583,3583.TW,@SCIENTECH,@SCIENTECH,,TWSE LISTED,Semiconductor Industry,
3588,3588.TW,@LD,@LD,,TWSE LISTED,Semiconductor Industry,
3591,3591.TW,@EDISON OPTO,@EDISON OPTO,,TWSE LISTED,Optoelectronic Industry,
3592,3592.TW,@RAYDIUM,@RAYDIUM,,TWSE LISTED,Semiconductor Industry,
3593,3593.TW,@LOGAH,@LOGAH,,TWSE LISTED,Electronic Parts/Components,
3596,3596.TW,@ARCADYAN,@ARCADYAN,,TWSE LISTED,Communications and Internet,
3605,3605.TW,@ACES,@ACES,,TWSE LISTED,Electronic Parts/Components,
3607,3607.TW,@COXON,@COXON,,TWSE LISTED,Electronic Parts/Components,
3617,3617.TW,@CYBERPOWER,@CYBERPOWER,,TWSE LISTED,Other Electronic Industry,
3622,3622.TW,@YFO,@YFO,,TWSE LISTED,Optoelectronic Industry,
3645,3645.TW,@TMT,@TMT,,TWSE LISTED,Electronic Parts/Components,
3652,3652.TW,@UNITECH ELEC.,@UNITECH ELEC.,,TWSE LISTED,Computer and Peripheral Equipm,
3653,3653.TW,@JENTECH,@JENTECH,,TWSE LISTED,Electronic Parts/Components,
3661,3661.TW,@ALCHIP,@ALCHIP,,TWSE LISTED,Semiconductor Industry,
3665,3665.TW,@BHI(BIZLINK),@BHI(BIZLINK),,TWSE LISTED,Other Electronic Industry,
3669,3669.TW,@AVER,@AVER,,TWSE LISTED,Communications and Internet,
3673,3673.TW,@TPK,@TPK,,TWSE LISTED,Optoelectronic Industry,
3679,3679.TW,@NISHOKU,@NISHOKU,,TWSE LISTED,Electronic Parts/Components,
3686,3686.TW,@DANEN,@DANEN,,TWSE LISTED,Semiconductor Industry,
3694,3694.TW,@AZUREWAVE,@AZUREWAVE,,TWSE LISTED,Communications and Internet,
3701,3701.TW,@FICG,@FICG,,TWSE LISTED,Computer and Peripheral Equipm,
3702,3702.TW,@WPG,@WPG,,TWSE LISTED,Electronic Products Distributi,
3703,3703.TW,@CHC,@CHC,,TWSE LISTED,Building Material&Construction,
3704,3704.TW,@ZYXEL GROUP,@ZYXEL 集团,,TWSE LISTED,Communications and Internet,
3705,3705.TW,@Y.S.H.,@Y.S.H.,,TWSE LISTED,Biotechnology and Medical Care,
3706,3706.TW,@MHC,@MHC,,TWSE LISTED,Computer and Peripheral Equipm,
3708,3708.TW,@SWANCOR,@SWANCOR,,TWSE LISTED,Green Energy and Environmental Services,
3711,3711.TW,@ASEH,@ASEH,,TWSE LISTED,Semiconductor Industry,
3712,3712.TW,@FITH,@FITH,,TWSE LISTED,Computer and Peripheral Equipm,
3714,3714.TW,@ENNOSTAR,@ENNOSTAR,,TWSE LISTED,Optoelectronic Industry,
3715,3715.TW,@DYNAMIC HOLDING,@DYNAMIC HOLDING,,TWSE LISTED,Electronic Parts/Components,
3716,3716.TW,@CENRA INC.,@CENRA INC.,,TWSE LISTED,Biotechnology and Medical Care,
3717,3717.TW,@EOI HOLDING,@EOI HOLDING,,TWSE LISTED,Automobile,
4104,4104.TW,@EXCELSIOR,@EXCELSIOR,,TWSE LISTED,Biotechnology and Medical Care,
4106,4106.TW,@WELLELL,@WELLELL,,TWSE LISTED,Biotechnology and Medical Care,
4108,4108.TW,@PHYTOHEALTH,@PHYTOHEALTH,,TWSE LISTED,Biotechnology and Medical Care,
4119,4119.TW,@SCI,@SCI,,TWSE LISTED,Biotechnology and Medical Care,
4133,4133.TW,@ABNOVA,@ABNOVA,,TWSE LISTED,Biotechnology and Medical Care,
4137,4137.TW,@CHLITINA-KY,@CHLITINA-KY,,TWSE LISTED,Biotechnology and Medical Care,
4142,4142.TW,@ADIM,@ADIM,,TWSE LISTED,Biotechnology and Medical Care,
4148,4148.TW,@ACBT,@ACBT,,TWSE LISTED,Biotechnology and Medical Care,
4155,4155.TW,@OK BIOTECH,@OK BIOTECH,,TWSE LISTED,Biotechnology and Medical Care,
4164,4164.TW,@CHC,@CHC,,TWSE LISTED,Biotechnology and Medical Care,
4169,4169.TW,@TCM,@TCM,,TWSE LISTED,Biotechnology and Medical Care,
4178,4178.TW,@STEMCYTE,@STEMCYTE,,TWSE LISTED,Biotechnology and Medical Care,
4190,4190.TW,@JDS,@JDS,,TWSE LISTED,Biotechnology and Medical Care,
4306,4306.TW,@YC,@YC,,TWSE LISTED,Plastic,
4414,4414.TW,@ROO HSING,@ROO HSING,,TWSE LISTED,Textile,
4426,4426.TW,@LI CHENG,@LI CHENG,,TWSE LISTED,Textile,
4438,4438.TW,@QVE,@QVE,,TWSE LISTED,Textile,
4439,4439.TW,@TST GROUP,@TST 集团,,TWSE LISTED,Textile,
4440,4440.TW,@YI SHIN,@YI SHIN,,TWSE LISTED,Textile,
4441,4441.TW,@GGF,@GGF,,TWSE LISTED,Textile,
4526,4526.TW,@TONGTAI,@TONGTAI,,TWSE LISTED,Electric Machinery,
4532,4532.TW,@RECHI,@RECHI,,TWSE LISTED,Electric Machinery,
4536,4536.TW,@TOPKEY,@TOPKEY,,TWSE LISTED,Sports and Leisure,
4540,4540.TW,@TBI MOTION,@TBI MOTION,,TWSE LISTED,Electric Machinery,
4545,4545.TW,@MAP,@MAP,,TWSE LISTED,Electronic Parts/Components,
4551,4551.TW,@GLOBAL PMX,@GLOBAL PMX,,TWSE LISTED,Automobile,
4552,4552.TW,@LIDA,@LIDA,,TWSE LISTED,Electric Machinery,
4555,4555.TW,@CHELIC,@CHELIC,,TWSE LISTED,Electric Machinery,
4557,4557.TW,@YUSIN,@YUSIN,,TWSE LISTED,Automobile,
4560,4560.TW,@STRONG H,@STRONG H,,TWSE LISTED,Electric Machinery,
4562,4562.TW,@YHT,@YHT,,TWSE LISTED,Electric Machinery,
4564,4564.TW,@MOSA,@MOSA,,TWSE LISTED,Electric Machinery,
4566,4566.TW,@GLOBAL TEK,@GLOBAL TEK,,TWSE LISTED,Electric Machinery,
4569,4569.TW,@SIXXON,@SIXXON,,TWSE LISTED,Automobile,
4571,4571.TW,@KHGEARS,@KHGEARS,,TWSE LISTED,Electric Machinery,
4572,4572.TW,@DPI,@DPI,,TWSE LISTED,Electric Machinery,
4576,4576.TW,@HMC,@HMC,,TWSE LISTED,Electric Machinery,
4581,4581.TW,@WKG,@WKG,,TWSE LISTED,Automobile,
4583,4583.TW,@APEXDYNA,@APEXDYNA,,TWSE LISTED,Electric Machinery,
4585,4585.TW,@TRI,@TRI,,TWSE LISTED,Other Electronic Industry,
4588,4588.TW,@ARCH METER,@ARCH METER,,TWSE LISTED,Other Electronic Industry,
4720,4720.TW,@TEX YEAR,@TEX YEAR,,TWSE LISTED,Chemical Industry,
4722,4722.TW,@QPC,@QPC,,TWSE LISTED,Chemical Industry,
4736,4736.TW,@TAIDOC,@TAIDOC,,TWSE LISTED,Biotechnology and Medical Care,
4737,4737.TW,@BIONIME,@BIONIME,,TWSE LISTED,Biotechnology and Medical Care,
4739,4739.TW,@COREMAX,@COREMAX,,TWSE LISTED,Chemical Industry,
4746,4746.TW,@FRMSL,@FRMSL,,TWSE LISTED,Biotechnology and Medical Care,
4755,4755.TW,@SAN FU,@SAN FU,,TWSE LISTED,Chemical Industry,
4763,4763.TW,@ACE,@ACE,,TWSE LISTED,Chemical Industry,
4764,4764.TW,@DBC,@DBC,,TWSE LISTED,Chemical Industry,
4766,4766.TW,@NAN PAO,@NAN PAO,,TWSE LISTED,Chemical Industry,
4770,4770.TW,@ASC,@ASC,,TWSE LISTED,Chemical Industry,
4771,4771.TW,@VF,@VF,,TWSE LISTED,Biotechnology and Medical Care,
4807,4807.TW,@RH,@RH,,TWSE LISTED,Trading & Consumers Goods,
4904,4904.TW,@FAR EASTONE,@FAR EASTONE,,TWSE LISTED,Communications and Internet,
4906,4906.TW,@GEMTEK,@GEMTEK,,TWSE LISTED,Communications and Internet,
4912,4912.TW,@Lemtech-KY,@Lemtech-KY,,TWSE LISTED,Electronic Parts/Components,
4915,4915.TW,@PRIMAX,@PRIMAX,,TWSE LISTED,Electronic Parts/Components,
4916,4916.TW,@PARPRO,@PARPRO,,TWSE LISTED,Computer and Peripheral Equipm,
4919,4919.TW,@NTC,@NTC,,TWSE LISTED,Semiconductor Industry,
4927,4927.TW,@APEX,@APEX,,TWSE LISTED,Electronic Parts/Components,
4930,4930.TW,@STAR COMGISTIC,@STAR COMGISTIC,,TWSE LISTED,Electrical & Cable,
4934,4934.TW,@TAINERGY,@TAINERGY,,TWSE LISTED,Optoelectronic Industry,
4935,4935.TW,@GLT,@GLT,,TWSE LISTED,Optoelectronic Industry,
4938,4938.TW,@PEGATRON,@PEGATRON,,TWSE LISTED,Computer and Peripheral Equipm,
4942,4942.TW,@CHIA CHANG,@CHIA CHANG,,TWSE LISTED,Optoelectronic Industry,
4943,4943.TW,@CONCRAFT,@CONCRAFT,,TWSE LISTED,Electronic Parts/Components,
4949,4949.TW,@WIN WIN,@WIN WIN,,TWSE LISTED,Optoelectronic Industry,
4952,4952.TW,@GENERALPLUS,@GENERALPLUS,,TWSE LISTED,Semiconductor Industry,
4956,4956.TW,@EPILEDS,@EPILEDS,,TWSE LISTED,Optoelectronic Industry,
4958,4958.TW,@ZDT,@ZDT,,TWSE LISTED,Electronic Parts/Components,
4960,4960.TW,@CMMT,@CMMT,,TWSE LISTED,Optoelectronic Industry,
4961,4961.TW,@FITIPOWER,@FITIPOWER,,TWSE LISTED,Semiconductor Industry,
4967,4967.TW,@TEAM,@TEAM,,TWSE LISTED,Semiconductor Industry,
4968,4968.TW,@RICHWAVE,@RICHWAVE,,TWSE LISTED,Semiconductor Industry,
4976,4976.TW,@CALIN,@CALIN,,TWSE LISTED,Optoelectronic Industry,
4977,4977.TW,@PCL,@PCL,,TWSE LISTED,Communications and Internet,
4989,4989.TW,@LCYT,@LCYT,,TWSE LISTED,Electronic Parts/Components,
4994,4994.TW,@X-LEGEND,@X-LEGEND,,TWSE LISTED,Information Service Industry,
4999,4999.TW,@SINHER,@SINHER,,TWSE LISTED,Electronic Parts/Components,
5007,5007.TW,@SAN SHING,@SAN SHING,,TWSE LISTED,Iron & Steel,
5203,5203.TW,@CYBERLINK,@CYBERLINK,,TWSE LISTED,Information Service Industry,
5215,5215.TW,@KO JA,@KO JA,,TWSE LISTED,Computer and Peripheral Equipm,
5222,5222.TW,@TRANSCOM,@TRANSCOM,,TWSE LISTED,Semiconductor Industry,
5225,5225.TW,@EASTECH,@EASTECH,,TWSE LISTED,Other Electronic Industry,
5234,5234.TW,@DAXIN,@DAXIN,,TWSE LISTED,Optoelectronic Industry,
5236,5236.TW,@SUNPLUSIT,@SUNPLUSIT,,TWSE LISTED,Semiconductor Industry,
5243,5243.TW,@ESON,@ESON,,TWSE LISTED,Optoelectronic Industry,
5244,5244.TW,@BRIGHTEK,@BRIGHTEK,,TWSE LISTED,Optoelectronic Industry,
5258,5258.TW,@CASTLES,@CASTLES,,TWSE LISTED,Computer and Peripheral Equipm,
5269,5269.TW,@ASMEDIA,@ASMEDIA,,TWSE LISTED,Semiconductor Industry,
5283,5283.TW,@HERAN,@HERAN,,TWSE LISTED,Electrical & Cable,
5284,5284.TW,@JPP,@JPP,,TWSE LISTED,Others,
5285,5285.TW,@JIH LIN,@JIH LIN,,TWSE LISTED,Semiconductor Industry,
5288,5288.TW,@EUROCHARM,@EUROCHARM,,TWSE LISTED,Electric Machinery,
5292,5292.TW,@DTECH,@DTECH,,TWSE LISTED,Green Energy and Environmental Services,
5306,5306.TW,@KMC,@KMC,,TWSE LISTED,Sports and Leisure,
5388,5388.TW,@SERCOMM,@SERCOMM,,TWSE LISTED,Communications and Internet,
5434,5434.TW,@TOPCO,@TOPCO,,TWSE LISTED,Electronic Products Distributi,
5469,5469.TW,@HSB,@HSB,,TWSE LISTED,Electronic Parts/Components,
5471,5471.TW,@SONIX,@SONIX,,TWSE LISTED,Semiconductor Industry,
5484,5484.TW,@EVERFOCUS,@EVERFOCUS,,TWSE LISTED,Optoelectronic Industry,
5515,5515.TW,@CHIEN KUO,@CHIEN KUO,,TWSE LISTED,Building Material&Construction,
5519,5519.TW,@LD,@LD,,TWSE LISTED,Building Material&Construction,
5521,5521.TW,@KSECO,@KSECO,,TWSE LISTED,Building Material&Construction,
5522,5522.TW,@FARGLORY,@FARGLORY,,TWSE LISTED,Building Material&Construction,
5525,5525.TW,@SWEETEN,@SWEETEN,,TWSE LISTED,Building Material&Construction,
5531,5531.TW,@SHINING,@SHINING,,TWSE LISTED,Building Material&Construction,
5533,5533.TW,@FOUNDING,@FOUNDING,,TWSE LISTED,Building Material&Construction,
5534,5534.TW,@CHONG HONG,@CHONG HONG,,TWSE LISTED,Building Material&Construction,
5538,5538.TW,@TONG MING,@TONG MING,,TWSE LISTED,Iron & Steel,
5546,5546.TW,@YGI,@YGI,,TWSE LISTED,Building Material&Construction,
5607,5607.TW,@FARGLORY FTZ,@FARGLORY FTZ,,TWSE LISTED,Shipping & Transportation,
5608,5608.TW,@S. W.,@S. W.,,TWSE LISTED,Shipping & Transportation,
5706,5706.TW,@PHX TOUR,@PHX TOUR,,TWSE LISTED,Tourism and Hospitality,
5871,5871.TW,@CHAILEASE,@CHAILEASE,,TWSE LISTED,Others,
5876,5876.TW,@SCSB,@SCSB,,TWSE LISTED,Financial & Insurance,
5880,5880.TW,@TCFHC,@TCFHC,,TWSE LISTED,Financial & Insurance,
5906,5906.TW,@TAINAN CAYMAN,@TAINAN CAYMAN,,TWSE LISTED,Trading & Consumers Goods,
5907,5907.TW,@GORG,@GORG,,TWSE LISTED,Trading & Consumers Goods,
6005,6005.TW,@CSC,@CSC,,TWSE LISTED,Financial & Insurance,
6024,6024.TW,@CFC,@CFC,,TWSE LISTED,Financial & Insurance,
6108,6108.TW,@APCB INC.,@APCB INC.,,TWSE LISTED,Electronic Parts/Components,
6112,6112.TW,@METAAGE,@METAAGE,,TWSE LISTED,Information Service Industry,
6115,6115.TW,@I-SHENG,@I-SHENG,,TWSE LISTED,Electronic Parts/Components,
6116,6116.TW,@HANNSTAR,@HANNSTAR,,TWSE LISTED,Optoelectronic Industry,
6117,6117.TW,@IN WIN,@IN WIN,,TWSE LISTED,Computer and Peripheral Equipm,
6120,6120.TW,@DARWIN,@DARWIN,,TWSE LISTED,Optoelectronic Industry,
6128,6128.TW,@GPI,@GPI,,TWSE LISTED,Computer and Peripheral Equipm,
6133,6133.TW,@GBE,@GBE,,TWSE LISTED,Electronic Parts/Components,
6136,6136.TW,@FTC,@FTC,,TWSE LISTED,Communications and Internet,
6139,6139.TW,@L & K,@L & K,,TWSE LISTED,Other Electronic Industry,
6141,6141.TW,@PLOTECH,@PLOTECH,,TWSE LISTED,Electronic Parts/Components,
6142,6142.TW,@CAMEO,@CAMEO,,TWSE LISTED,Communications and Internet,
6152,6152.TW,@PRIME,@PRIME,,TWSE LISTED,Communications and Internet,
6153,6153.TW,@CAREER TECH.,@CAREER TECH.,,TWSE LISTED,Electronic Parts/Components,
6155,6155.TW,@KC,@KC,,TWSE LISTED,Electronic Parts/Components,
6164,6164.TW,@LEDTECH,@LEDTECH,,TWSE LISTED,Optoelectronic Industry,
6165,6165.TW,@LANG,@LANG,,TWSE LISTED,Digital and Cloud Services,
6166,6166.TW,@ADLINK,@ADLINK,,TWSE LISTED,Computer and Peripheral Equipm,
6168,6168.TW,@HARVATEK CORPOR,@HARVATEK CORPOR,,TWSE LISTED,Optoelectronic Industry,
6176,6176.TW,@ROEC,@ROEC,,TWSE LISTED,Optoelectronic Industry,
6177,6177.TW,"@DA-LI CO.,LTD.","@DA-LI CO.,LTD.",,TWSE LISTED,Building Material&Construction,
6183,6183.TW,@TRADE-VAN,@TRADE-VAN,,TWSE LISTED,Information Service Industry,
6184,6184.TW,@DAFENG TV LTD.,@DAFENG TV LTD.,,TWSE LISTED,Others,
6189,6189.TW,@PROMATE,@PROMATE,,TWSE LISTED,Electronic Products Distributi,
6191,6191.TW,@GBM,@GBM,,TWSE LISTED,Electronic Parts/Components,
6192,6192.TW,@LUMAX,@LUMAX,,TWSE LISTED,Other Electronic Industry,
6196,6196.TW,@MIC,@MIC,,TWSE LISTED,Other Electronic Industry,
6197,6197.TW,@JPC,@JPC,,TWSE LISTED,Electronic Parts/Components,
6201,6201.TW,@YAHORNG,@YAHORNG,,TWSE LISTED,Other Electronic Industry,
6202,6202.TW,@HOLTEK,@HOLTEK,,TWSE LISTED,Semiconductor Industry,
6205,6205.TW,@COXOC,@COXOC,,TWSE LISTED,Electronic Parts/Components,
6206,6206.TW,@FLYTECH,@FLYTECH,,TWSE LISTED,Computer and Peripheral Equipm,
6209,6209.TW,@KINKO,@KINKO,,TWSE LISTED,Optoelectronic Industry,
6213,6213.TW,@ITEQ,@ITEQ,,TWSE LISTED,Electronic Parts/Components,
6214,6214.TW,@SYSTEX,@SYSTEX,,TWSE LISTED,Information Service Industry,
6215,6215.TW,@AUROTEK,@AUROTEK,,TWSE LISTED,Other Electronic Industry,
6224,6224.TW,@PTTC.,@PTTC.,,TWSE LISTED,Electronic Parts/Components,
6225,6225.TW,@AIPLEX,@AIPLEX,,TWSE LISTED,Optoelectronic Industry,
6226,6226.TW,@PARA LIGHT,@PARA LIGHT,,TWSE LISTED,Optoelectronic Industry,
6230,6230.TW,@NCCI,@NCCI,,TWSE LISTED,Computer and Peripheral Equipm,
6235,6235.TW,@WAFFER,@WAFFER,,TWSE LISTED,Computer and Peripheral Equipm,
6239,6239.TW,@PTI,@PTI,,TWSE LISTED,Semiconductor Industry,
6243,6243.TW,@ENE,@ENE,,TWSE LISTED,Semiconductor Industry,
6257,6257.TW,@SIGURD,@SIGURD,,TWSE LISTED,Semiconductor Industry,
6269,6269.TW,@FLEXIUM,@FLEXIUM,,TWSE LISTED,Electronic Parts/Components,
6271,6271.TW,@THEIL,@THEIL,,TWSE LISTED,Semiconductor Industry,
6272,6272.TW,@WIESON,@WIESON,,TWSE LISTED,Electronic Parts/Components,
6277,6277.TW,@ATEN,@ATEN,,TWSE LISTED,Computer and Peripheral Equipm,
6278,6278.TW,@TSMT,@TSMT,,TWSE LISTED,Optoelectronic Industry,
6281,6281.TW,@E-LIFE,@E-LIFE,,TWSE LISTED,Electronic Products Distributi,
6282,6282.TW,@ACBEL,@ACBEL,,TWSE LISTED,Electronic Parts/Components,
6283,6283.TW,@SOE,@SOE,,TWSE LISTED,Other Electronic Industry,
6285,6285.TW,@WNC,@WNC,,TWSE LISTED,Communications and Internet,
6405,6405.TW,@ONANO,@ONANO,,TWSE LISTED,Optoelectronic Industry,
6409,6409.TW,@VOLTRONIC,@VOLTRONIC,,TWSE LISTED,Other Electronic Industry,
6412,6412.TW,@CHICONY POWER,@CHICONY POWER,,TWSE LISTED,Electronic Parts/Components,
6414,6414.TW,@ENNOCONN,@ENNOCONN,,TWSE LISTED,Computer and Peripheral Equipm,
6415,6415.TW,@SILERGY,@SILERGY,,TWSE LISTED,Semiconductor Industry,
6416,6416.TW,@CASWELL,@CASWELL,,TWSE LISTED,Communications and Internet,
6426,6426.TW,@APOGEE,@APOGEE,,TWSE LISTED,Communications and Internet,
6431,6431.TW,@KL,@KL,,TWSE LISTED,Biotechnology and Medical Care,
6438,6438.TW,@SAA,@SAA,,TWSE LISTED,Other Electronic Industry,
6442,6442.TW,@EZCONN,@EZCONN,,TWSE LISTED,Communications and Internet,
6443,6443.TW,@TSEC,@TSEC,,TWSE LISTED,Optoelectronic Industry,
6446,6446.TW,@PEC,@PEC,,TWSE LISTED,Biotechnology and Medical Care,
6449,6449.TW,@APAQ,@APAQ,,TWSE LISTED,Electronic Parts/Components,
6451,6451.TW,@SHUNSIN,@SHUNSIN,,TWSE LISTED,Semiconductor Industry,
6456,6456.TW,@GIS,@GIS,,TWSE LISTED,Optoelectronic Industry,
6464,6464.TW,@TOP MSO,@TOP MSO,,TWSE LISTED,Others,
6472,6472.TW,@BORA,@BORA,,TWSE LISTED,Biotechnology and Medical Care,
6477,6477.TW,@ANJI,@ANJI,,TWSE LISTED,Optoelectronic Industry,
6491,6491.TW,@PEGAVISION,@PEGAVISION,,TWSE LISTED,Biotechnology and Medical Care,
6504,6504.TW,@NAN LIU,@NAN LIU,,TWSE LISTED,Others,
6505,6505.TW,@FPCC,@FPCC,,TWSE LISTED,"Oil, Gas and Electricity Indu",
6515,6515.TW,@WINWAY,@WINWAY,,TWSE LISTED,Semiconductor Industry,
6525,6525.TW,@GEM,@GEM,,TWSE LISTED,Semiconductor Industry,
6526,6526.TW,@AIROHA,@AIROHA,,TWSE LISTED,Semiconductor Industry,
6531,6531.TW,@AP MEMORY,@AP MEMORY,,TWSE LISTED,Semiconductor Industry,
6533,6533.TW,@ANDES,@ANDES,,TWSE LISTED,Semiconductor Industry,
6541,6541.TW,@TANVEX,@TANVEX,,TWSE LISTED,Biotechnology and Medical Care,
6550,6550.TW,@PG,@PG,,TWSE LISTED,Biotechnology and Medical Care,
6552,6552.TW,@JMC,@JMC,,TWSE LISTED,Semiconductor Industry,
6558,6558.TW,@SYNERGY,@SYNERGY,,TWSE LISTED,Other Electronic Industry,
6573,6573.TW,@HY,@HY,,TWSE LISTED,Semiconductor Industry,
6579,6579.TW,@AAEON,@AAEON,,TWSE LISTED,Computer and Peripheral Equipm,
6581,6581.TW,@TSU,@TSU,,TWSE LISTED,Green Energy and Environmental Services,
6582,6582.TW,@SHIN FOONG,@SHIN FOONG,,TWSE LISTED,Rubber,
6585,6585.TW,@DINGZING,@DINGZING,,TWSE LISTED,Others,
6589,6589.TW,@EIRGENIX,@EIRGENIX,,TWSE LISTED,Biotechnology and Medical Care,
6591,6591.TW,@SUN MAX,@SUN MAX,,TWSE LISTED,Computer and Peripheral Equipm,
6592,6592.TW,@HOTAI FINANCE,@HOTAI FINANCE,,TWSE LISTED,Others,
6598,6598.TW,@APPLIED BIOCODE,@APPLIED BIOCODE,,TWSE LISTED,Biotechnology and Medical Care,
6605,6605.TW,@DEPO,@DEPO,,TWSE LISTED,Automobile,
6606,6606.TW,@KENT,@KENT,,TWSE LISTED,Electric Machinery,
6614,6614.TW,@IISI,@IISI,,TWSE LISTED,Digital and Cloud Services,
6625,6625.TW,@BINLIVE,@BINLIVE,,TWSE LISTED,Others,
6641,6641.TW,@GSD-KY,@GSD-KY,,TWSE LISTED,Green Energy and Environmental Services,
6655,6655.TW,@KD,@KD,,TWSE LISTED,Others,
6657,6657.TW,@ENERGENESIS,@ENERGENESIS,,TWSE LISTED,Biotechnology and Medical Care,
6658,6658.TW,@SYNPOWER,@SYNPOWER,,TWSE LISTED,Other Electronic Industry,
6666,6666.TW,@LLF-KY,@LLF-KY,,TWSE LISTED,Biotechnology and Medical Care,
6668,6668.TW,@ZHONG YANG,@ZHONG YANG,,TWSE LISTED,Optoelectronic Industry,
6669,6669.TW,@WIWYNN,@WIWYNN,,TWSE LISTED,Computer and Peripheral Equipm,
6670,6670.TW,@FSP,@FSP,,TWSE LISTED,Sports and Leisure,
6671,6671.TW,@SAN NENG-KY,@SAN NENG-KY,,TWSE LISTED,Household,
6672,6672.TW,@VENTEC,@VENTEC,,TWSE LISTED,Electronic Parts/Components,
6674,6674.TW,@CBN,@CBN,,TWSE LISTED,Communications and Internet,
6689,6689.TW,@ECV,@ECV,,TWSE LISTED,Digital and Cloud Services,
6691,6691.TW,@YANKEY,@YANKEY,,TWSE LISTED,Other Electronic Industry,
6695,6695.TW,@ICATCHTEK,@ICATCHTEK,,TWSE LISTED,Semiconductor Industry,
6698,6698.TW,@FINEMAT,@FINEMAT,,TWSE LISTED,Other Electronic Industry,
6706,6706.TW,@FITTECH,@FITTECH,,TWSE LISTED,Optoelectronic Industry,
6715,6715.TW,@LINTES,@LINTES,,TWSE LISTED,Electronic Parts/Components,
6719,6719.TW,@UPI,@UPI,,TWSE LISTED,Semiconductor Industry,
6722,6722.TW,@WHETRON,@WHETRON,,TWSE LISTED,Other Electronic Industry,
6742,6742.TW,@VTI,@VTI,,TWSE LISTED,Optoelectronic Industry,
6743,6743.TW,@AMPACS,@AMPACS,,TWSE LISTED,Other Electronic Industry,
6753,6753.TW,@LUNGTEH,@LUNGTEH,,TWSE LISTED,Shipping & Transportation,
6754,6754.TW,@RICH HONOUR,@RICH HONOUR,,TWSE LISTED,Household,
6756,6756.TW,@VLI,@VLI,,TWSE LISTED,Semiconductor Industry,
6757,6757.TW,@TTW,@TTW,,TWSE LISTED,Shipping & Transportation,
6768,6768.TW,@SPG-KY,@SPG-KY,,TWSE LISTED,Sports and Leisure,
6770,6770.TW,@PSMC,@PSMC,,TWSE LISTED,Semiconductor Industry,
6776,6776.TW,@WEBLINK,@WEBLINK,,TWSE LISTED,Electronic Products Distributi,
6781,6781.TW,@AES-KY,@AES-KY,,TWSE LISTED,Electronic Parts/Components,
6782,6782.TW,@VISCO,@VISCO,,TWSE LISTED,Biotechnology and Medical Care,
6789,6789.TW,@VISERA,@VISERA,,TWSE LISTED,Semiconductor Industry,
6790,6790.TW,@YFYCPG,@YFYCPG,,TWSE LISTED,Paper & Pulp,
6792,6792.TW,@UNICTRON,@UNICTRON,,TWSE LISTED,Communications and Internet,
6794,6794.TW,@UNICOCELL,@UNICOCELL,,TWSE LISTED,Biotechnology and Medical Care,
6796,6796.TW,@MIIS,@MIIS,,TWSE LISTED,Biotechnology and Medical Care,
6799,6799.TW,@M3TEK,@M3TEK,,TWSE LISTED,Semiconductor Industry,
6805,6805.TW,@FOSITEK,@FOSITEK,,TWSE LISTED,Electronic Parts/Components,
6807,6807.TW,@FY-KY,@FY-KY,,TWSE LISTED,Household,
6830,6830.TW,@MSS,@MSS,,TWSE LISTED,Other Electronic Industry,
6831,6831.TW,@MICROLOOPS,@MICROLOOPS,,TWSE LISTED,Computer and Peripheral Equipm,
6834,6834.TW,@EVEROHMS,@EVEROHMS,,TWSE LISTED,Electronic Parts/Components,
6835,6835.TW,@CMI,@CMI,,TWSE LISTED,Electronic Parts/Components,
6838,6838.TW,@FRMSP,@FRMSP,,TWSE LISTED,Biotechnology and Medical Care,
6861,6861.TW,@INCX,@INCX,,TWSE LISTED,Biotechnology and Medical Care,
6862,6862.TW,@TRIO-KY,@TRIO-KY,,TWSE LISTED,Electronic Parts/Components,
6863,6863.TW,@ARIZON RFID,@ARIZON RFID,,TWSE LISTED,Communications and Internet,
6869,6869.TW,@J&V ENERGY,@J&V 能源,,TWSE LISTED,Green Energy and Environmental Services,
6885,6885.TW,@BRIM,@BRIM,,TWSE LISTED,Biotechnology and Medical Care,
6887,6887.TW,@BORETECH-KY,@BORETECH-KY,,TWSE LISTED,Green Energy and Environmental Services,
6890,6890.TW,@LAI YIH,@LAI YIH,,TWSE LISTED,Sports and Leisure,
6901,6901.TW,@DIAMOND BIOFUND,@DIAMOND BIOFUND,,TWSE LISTED,Others,
6902,6902.TW,@GOGOLOOK,@GOGOLOOK,,TWSE LISTED,Digital and Cloud Services,
6906,6906.TW,@GROUNDHOG,@GROUNDHOG,,TWSE LISTED,Digital and Cloud Services,
6909,6909.TW,@TCT,@TCT,,TWSE LISTED,Semiconductor Industry,
6914,6914.TW,@PSS,@PSS,,TWSE LISTED,Others,
6916,6916.TW,@WINSTAR,@WINSTAR,,TWSE LISTED,Optoelectronic Industry,
6918,6918.TW,@A PLUS BIOTECH,@A PLUS BIOTECH,,TWSE LISTED,Biotechnology and Medical Care,
6919,6919.TW,@CALIWAY,@CALIWAY,,TWSE LISTED,Biotechnology and Medical Care,
6923,6923.TW,@CTRT,@CTRT,,TWSE LISTED,Green Energy and Environmental Services,
6928,6928.TW,@UTI,@UTI,,TWSE LISTED,Computer and Peripheral Equipm,
6931,6931.TW,@QING SONG,@QING SONG,,TWSE LISTED,Biotechnology and Medical Care,
6933,6933.TW,@AMAX,@AMAX,,TWSE LISTED,Computer and Peripheral Equipm,
6934,6934.TW,@HCMED,@HCMED,,TWSE LISTED,Biotechnology and Medical Care,
6937,6937.TW,@SKYTECH,@SKYTECH,,TWSE LISTED,Semiconductor Industry,
6944,6944.TW,@MEGA UNION,@MEGA UNION,,TWSE LISTED,Green Energy and Environmental Services,
6947,6947.TW,@TECHZONE,@TECHZONE,,TWSE LISTED,Green Energy and Environmental Services,
6952,6952.TW,@DWS,@DWS,,TWSE LISTED,Others,
6957,6957.TW,@HORIZON,@HORIZON,,TWSE LISTED,Others,
6958,6958.TW,@INFINITE,@INFINITE,,TWSE LISTED,Others,
6962,6962.TW,@ITH-KY,@ITH-KY,,TWSE LISTED,Semiconductor Industry,
6965,6965.TW,@CJ,@CJ,,TWSE LISTED,Sports and Leisure,
6994,6994.TW,@FWP,@FWP,,TWSE LISTED,Green Energy and Environmental Services,
7689,7689.TW,@CLIMAX,@CLIMAX,,TWSE LISTED,Communications and Internet,
7705,7705.TW,@MERCURIES F&B,@MERCURIES F&B,,TWSE LISTED,Tourism and Hospitality,
7711,7711.TW,@ASROCK RACK,@ASROCK RACK,,TWSE LISTED,Computer and Peripheral Equipm,
7721,7721.TW,@MICROPROGRAM,@MICROPROGRAM,,TWSE LISTED,Digital and Cloud Services,
7722,7722.TW,@LINEPAY,@LINEPAY,,TWSE LISTED,Digital and Cloud Services,
7732,7732.TW,@KING SHING,@KING SHING,,TWSE LISTED,Automobile,
7736,7736.TW,@HUSHAN,@HUSHAN,,TWSE LISTED,Automobile,
7749,7749.TW,@IGO-KY,@IGO-KY,,TWSE LISTED,Semiconductor Industry,
7750,7750.TW,@SYNTEC,@SYNTEC,,TWSE LISTED,Electric Machinery,
7760,7760.TW,@ENJOY,@ENJOY,,TWSE LISTED,Tourism and Hospitality,
7765,7765.TW,@CHT SECURITY,@CHT SECURITY,,TWSE LISTED,Digital and Cloud Services,
7768,7768.TW,@PVI,@PVI,,TWSE LISTED,Semiconductor Industry,
7769,7769.TW,@HON,@HON,,TWSE LISTED,Semiconductor Industry,
7780,7780.TW,@DAIKEN,@DAIKEN,,TWSE LISTED,Food,
7786,7786.TW,@DFO,@DFO,,TWSE LISTED,Green Energy and Environmental Services,
7788,7788.TW,@SONG CHUAN,@SONG CHUAN,,TWSE LISTED,Electronic Parts/Components,
7791,7791.TW,@LUCKY ROYAL,@LUCKY ROYAL,,TWSE LISTED,Food,
7795,7795.TW,@EPM,@EPM,,TWSE LISTED,Electronic Parts/Components,
7799,7799.TW,@HNMC,@HNMC,,TWSE LISTED,Biotechnology and Medical Care,
7818,7818.TW,@KEMFLO,@KEMFLO,,TWSE LISTED,Green Energy and Environmental Services,
7821,7821.TW,@MDT,@MDT,,TWSE LISTED,Automobile,
7822,7822.TW,@V5 TECHNOLOGIES,@V5 科技,,TWSE LISTED,Semiconductor Industry,
7855,7855.TW,@HLC,@HLC,,TWSE LISTED,Others,
8011,8011.TW,@TTCC,@TTCC,,TWSE LISTED,Communications and Internet,
8016,8016.TW,@SITRONIX,@SITRONIX,,TWSE LISTED,Semiconductor Industry,
8021,8021.TW,@TOPOINT,@TOPOINT,,TWSE LISTED,Other Electronic Industry,
8028,8028.TW,@PSI,@PSI,,TWSE LISTED,Semiconductor Industry,
8033,8033.TW,@TT,@TT,,TWSE LISTED,Others,
8039,8039.TW,@TAIFLEX,@TAIFLEX,,TWSE LISTED,Electronic Parts/Components,
8045,8045.TW,@TWOWAY,@TWOWAY,,TWSE LISTED,Communications and Internet,
8046,8046.TW,@N.P.C,@N.P.C,,TWSE LISTED,Electronic Parts/Components,
8070,8070.TW,@CHANG WAH,@CHANG WAH,,TWSE LISTED,Electronic Products Distributi,
8072,8072.TW,@AV TECH,@AV TECH,,TWSE LISTED,Electronic Products Distributi,
8081,8081.TW,@GMT,@GMT,,TWSE LISTED,Semiconductor Industry,
8101,8101.TW,@ARIMA COMM.,@ARIMA COMM.,,TWSE LISTED,Communications and Internet,
8103,8103.TW,@CVILUX,@CVILUX,,TWSE LISTED,Electronic Parts/Components,
8104,8104.TW,@RITDISPLAY,@RITDISPLAY,,TWSE LISTED,Optoelectronic Industry,
8105,8105.TW,@GIANTPLUS,@GIANTPLUS,,TWSE LISTED,Optoelectronic Industry,
8110,8110.TW,@WALTON,@WALTON,,TWSE LISTED,Semiconductor Industry,
8112,8112.TW,@SUPREME,@SUPREME,,TWSE LISTED,Electronic Products Distributi,
8114,8114.TW,@POSIFLEX,@POSIFLEX,,TWSE LISTED,Computer and Peripheral Equipm,
8131,8131.TW,@FATC,@FATC,,TWSE LISTED,Semiconductor Industry,
8150,8150.TW,@CHIPMOS,@CHIPMOS,,TWSE LISTED,Semiconductor Industry,
8163,8163.TW,@DARFON,@DARFON,,TWSE LISTED,Computer and Peripheral Equipm,
8201,8201.TW,@BESTA,@BESTA,,TWSE LISTED,Other Electronic Industry,
8210,8210.TW,@CHENBRO,@CHENBRO,,TWSE LISTED,Computer and Peripheral Equipm,
8213,8213.TW,@TPT,@TPT,,TWSE LISTED,Electronic Parts/Components,
8215,8215.TW,@BMC,@BMC,,TWSE LISTED,Optoelectronic Industry,
8222,8222.TW,@AERO WIN,@AERO WIN,,TWSE LISTED,Electric Machinery,
8249,8249.TW,@CSI,@CSI,,TWSE LISTED,Electronic Parts/Components,
8261,8261.TW,@APEC,@APEC,,TWSE LISTED,Semiconductor Industry,
8271,8271.TW,@APACER,@APACER,,TWSE LISTED,Semiconductor Industry,
8341,8341.TW,@SF,@SF,,TWSE LISTED,Green Energy and Environmental Services,
8367,8367.TW,@CS,@CS,,TWSE LISTED,Shipping & Transportation,
8374,8374.TW,@ACE PILLAR,@ACE PILLAR,,TWSE LISTED,Electric Machinery,
8404,8404.TW,@PAIHO SHIH,@PAIHO SHIH,,TWSE LISTED,Others,
8411,8411.TW,@KINGCAN,@KINGCAN,,TWSE LISTED,Others,
8422,8422.TW,@CLEANAWAY,@CLEANAWAY,,TWSE LISTED,Green Energy and Environmental Services,
8429,8429.TW,@JINLI,@JINLI,,TWSE LISTED,Trading & Consumers Goods,
8438,8438.TW,@AMIA,@AMIA,,TWSE LISTED,Green Energy and Environmental Services,
8442,8442.TW,@WW,@WW,,TWSE LISTED,Others,
8443,8443.TW,@ASO,@ASO,,TWSE LISTED,Trading & Consumers Goods,
8454,8454.TW,@MOMO,@MOMO,,TWSE LISTED,Digital and Cloud Services,
8462,8462.TW,@POWER WIND,@POWER WIND,,TWSE LISTED,Sports and Leisure,
8463,8463.TW,@RTM,@RTM,,TWSE LISTED,Others,
8464,8464.TW,@NIEN MADE,@NIEN MADE,,TWSE LISTED,Household,
8466,8466.TW,@M.J.,@M.J.,,TWSE LISTED,Others,
8467,8467.TW,@BONNY,@BONNY,,TWSE LISTED,Sports and Leisure,
8473,8473.TW,@FOREST WATER,@FOREST WATER,,TWSE LISTED,Green Energy and Environmental Services,
8476,8476.TW,@TESC,@TESC,,TWSE LISTED,Green Energy and Environmental Services,
8478,8478.TW,@OCEANALEXANDER,@OCEANALEXANDER,,TWSE LISTED,Sports and Leisure,
8481,8481.TW,@TRANSART,@TRANSART,,TWSE LISTED,Others,
8482,8482.TW,@SHANE GLOBAL,@SHANE GLOBAL,,TWSE LISTED,Household,
8488,8488.TW,@JYPKG,@JYPKG,,TWSE LISTED,Others,
8499,8499.TW,@TOP BRIGHT,@TOP BRIGHT,,TWSE LISTED,Other Electronic Industry,
8926,8926.TW,@TCC,@TCC,,TWSE LISTED,"Oil, Gas and Electricity Indu",
8940,8940.TW,@NEW PALACE,@NEW PALACE,,TWSE LISTED,Tourism and Hospitality,
8996,8996.TW,@KAORI,@KAORI,,TWSE LISTED,Electric Machinery,
9802,9802.TW,@FULGENT SUN,@FULGENT SUN,,TWSE LISTED,Sports and Leisure,
9902,9902.TW,@TIDEHOLD,@TIDEHOLD,,TWSE LISTED,Others,
9904,9904.TW,@PCC,@PCC,,TWSE LISTED,Sports and Leisure,
9905,9905.TW,@GCM,@GCM,,TWSE LISTED,Others,
9906,9906.TW,@HSIN BA BA,@HSIN BA BA,,TWSE LISTED,Building Material&Construction,
9907,9907.TW,@TON YI,@TON YI,,TWSE LISTED,Others,
9908,9908.TW,@GTG,@GTG,,TWSE LISTED,"Oil, Gas and Electricity Indu",
9910,9910.TW,@FT,@FT,,TWSE LISTED,Sports and Leisure,
9911,9911.TW,@TAIWAN SAKURA,@TAIWAN SAKURA,,TWSE LISTED,Household,
9912,9912.TW,@AIC,@AIC,,TWSE LISTED,Computer and Peripheral Equipm,
9914,9914.TW,@MIC,@MIC,,TWSE LISTED,Sports and Leisure,
9917,9917.TW,@TAIWAN SECOM,@TAIWAN SECOM,,TWSE LISTED,Others,
9918,9918.TW,@S.S.N.G,@S.S.N.G,,TWSE LISTED,"Oil, Gas and Electricity Indu",
9919,9919.TW,@KNH,@KNH,,TWSE LISTED,Others,
9921,9921.TW,@GIANT,@GIANT,,TWSE LISTED,Sports and Leisure,
9924,9924.TW,@TAIWAN FU HSING,@TAIWAN FU HSING,,TWSE LISTED,Household,
9925,9925.TW,@SKS,@SKS,,TWSE LISTED,Others,
9926,9926.TW,@S.H.,@S.H.,,TWSE LISTED,"Oil, Gas and Electricity Indu",
9927,9927.TW,@TMI,@TMI,,TWSE LISTED,Others,
9928,9928.TW,@CTV,@CTV,,TWSE LISTED,Others,
9929,9929.TW,@CHOICE,@CHOICE,,TWSE LISTED,Others,
9930,9930.TW,@CHC,@CHC,,TWSE LISTED,Green Energy and Environmental Services,
9931,9931.TW,@HSIN KAO,@HSIN KAO,,TWSE LISTED,"Oil, Gas and Electricity Indu",
9933,9933.TW,@CTCI,@CTCI,,TWSE LISTED,Others,
9934,9934.TW,@GUIC,@GUIC,,TWSE LISTED,Household,
9935,9935.TW,@CF,@CF,,TWSE LISTED,Household,
9937,9937.TW,@NPC,@NPC,,TWSE LISTED,"Oil, Gas and Electricity Indu",
9938,9938.TW,@TAIWAN PAIHO,@TAIWAN PAIHO,,TWSE LISTED,Others,
9939,9939.TW,@HON CHUAN,@HON CHUAN,,TWSE LISTED,Others,
9940,9940.TW,@SINYI,@SINYI,,TWSE LISTED,Others,
9941,9941.TW,@TAC,@TAC,,TWSE LISTED,Others,
9942,9942.TW,@MAO SHUN,@MAO SHUN,,TWSE LISTED,Others,
9943,9943.TW,@HOLIDAY,@HOLIDAY,,TWSE LISTED,Tourism and Hospitality,
9944,9944.TW,@SHINIH,@SHINIH,,TWSE LISTED,Others,
9945,9945.TW,@RUENTEX DEVELOP,@RUENTEX DEVELOP,,TWSE LISTED,Others,
9946,9946.TW,@SAN FAR,@SAN FAR,,TWSE LISTED,Building Material&Construction,
9955,9955.TW,@SDTI,@SDTI,,TWSE LISTED,Green Energy and Environmental Services,
9958,9958.TW,@CIS,@CIS,,TWSE LISTED,Iron & Steel,
0050,0050.TW,@TTT,@TTT,,TWSE LISTED,,
0051,0051.TW,@TMT,@TMT,,TWSE LISTED,,
0052,0052.TW,@FB TECHNOLOGY,@FB 科技,,TWSE LISTED,,
0053,0053.TW,@PTE,@PTE,,TWSE LISTED,,
0055,0055.TW,@PTF,@PTF,,TWSE LISTED,,
0056,0056.TW,@PTD,@PTD,,TWSE LISTED,,
0057,0057.TW,@FB MSCI TW,@FB MSCI TW,,TWSE LISTED,,
0061,0061.TW,@PWC300,@PWC300,,TWSE LISTED,,
9103,9103.TW,@MEDTECS,@MEDTECS,,TWSE LISTED,,
9105,9105.TW,@CCET,@CCET,,TWSE LISTED,,
9110,9110.TW,@VMEP HOLDINGS,@VMEP 控股,,TWSE LISTED,,
9136,9136.TW,@JU TENG,@JU TENG,,TWSE LISTED,,
