code,yahoo,name_en,status,rows,latest_date,error
0050,0050.TW,@TTT,ok,2431,2026-10-05,
0051,0051.TW,@TMT,ok,2433,2026-10-05,
0052,0052.TW,@FB TECHNOLOGY,ok,2433,2026-10-05,
0053,0053.TW,@PTE,ok,2432,2026-10-02,
0055,0055.TW,@PTF,ok,2432,2026-10-02,
0056,0056.TW,@PTD,ok,2432,2026-10-02,
0057,0057.TW,@FB MSCI TW,ok,2432,2026-10-02,
0061,0061.TW,@PWC300,ok,2430,2026-10-02,
1101,1101.TW,@TCC,ok,2430,2026-10-05,
1102,1102.TW,@ACC,ok,2430,2026-10-05,
1103,1103.TW,@CHC,ok,2430,2026-10-05,
1104,1104.TW,@UCC,ok,2430,2026-10-05,
1108,1108.TW,@LUCKY CEMENT,ok,2430,2026-10-05,
1109,1109.TW,@HSINGTA,ok,2430,2026-10-05,
1110,1110.TW,@SE CEMENT,ok,2430,2026-10-05,
1201,1201.TW,@WEI CHUAN,ok,2430,2026-10-05,
1203,1203.TW,@VE WONG,ok,2430,2026-10-05,
1210,1210.TW,@GREATWALL,ok,2430,2026-10-05,
1213,1213.TW,@OCEANIC BEV.,ok,2430,2026-10-05,
1215,1215.TW,@CPE,ok,2430,2026-10-05,
1216,1216.TW,@UNI-PRESIDENT,ok,2430,2026-10-05,
1217,1217.TW,@AGV,ok,2430,2026-10-05,
1218,1218.TW,@TAISUN,ok,2430,2026-10-05,
1219,1219.TW,@FWUSOW,ok,2430,2026-10-05,
1220,1220.TW,@TAIROUN,ok,2430,2026-10-05,
1225,1225.TW,@FOPCO,ok,2430,2026-10-05,
1227,1227.TW,@SFC,ok,2430,2026-10-05,
1229,1229.TW,@LHIHC,ok,2430,2026-10-05,
1231,1231.TW,@LIAN HWA FOODS,ok,2430,2026-10-05,
1232,1232.TW,@TTET,ok,2430,2026-10-05,
1233,1233.TW,@TEN REN,ok,2430,2026-10-05,
1234,1234.TW,@HEY SONG,ok,2430,2026-10-05,
1235,1235.TW,@ST,ok,2430,2026-10-05,
1236,1236.TW,@HUNYA,ok,2430,2026-10-05,
1256,1256.TW,@SUNJUICE,ok,2430,2026-10-05,
1301,1301.TW,@FPC,ok,2430,2026-10-05,
1303,1303.TW,@NPC,ok,2430,2026-10-05,
1304,1304.TW,@USI,ok,2430,2026-10-05,
1305,1305.TW,@CGPC,ok,2430,2026-10-05,
1307,1307.TW,@SAN FANG,ok,2430,2026-10-05,
1308,1308.TW,@APC,ok,2430,2026-10-05,
1309,1309.TW,@TTC,ok,2430,2026-10-05,
1310,1310.TW,@T.S.M.C.,ok,2430,2026-10-05,
1312,1312.TW,@GPPC,ok,2430,2026-10-05,
1313,1313.TW,@UPC,ok,2430,2026-10-05,
1314,1314.TW,@CPDC,ok,2430,2026-10-05,
1315,1315.TW,@TAH HSIN,ok,2430,2026-10-05,
1316,1316.TW,@SUN YAD,ok,2430,2026-10-05,
1319,1319.TW,@TYG,ok,2430,2026-10-05,
1321,1321.TW,@OPC,ok,2430,2026-10-05,
1323,1323.TW,@YONYU,ok,2430,2026-10-05,
1324,1324.TW,@GLOBE TAPE,ok,2430,2026-10-05,
1325,1325.TW,@UK,ok,2430,2026-10-05,
1326,1326.TW,@FCFC,ok,2430,2026-10-05,
1337,1337.TW,@ASIA PLASTIC,ok,2430,2026-10-05,
1338,1338.TW,@HIROCA,ok,2430,2026-10-05,
1339,1339.TW,@Y.C.C.,ok,2430,2026-10-05,
1340,1340.TW,@VICTORY,ok,2430,2026-10-05,
1341,1341.TW,@FULIN-KY,ok,1886,2026-10-05,
1342,1342.TW,@CCI YILAN,ok,1700,2026-10-05,
1402,1402.TW,@FENC,ok,2430,2026-10-05,
1409,1409.TW,@SSFC,ok,2430,2026-10-05,
1410,1410.TW,@NYDF,ok,2430,2026-10-05,
1413,1413.TW,@H.C.,ok,2430,2026-10-05,
1414,1414.TW,@TUNG HO,ok,2430,2026-10-05,
1416,1416.TW,@KFIC,ok,2430,2026-10-05,
1417,1417.TW,@CARNIVAL,ok,2430,2026-10-05,
1418,1418.TW,@TONGHWA,ok,2430,2026-10-05,
1419,1419.TW,@SHINKO.TEXTILE,ok,2430,2026-10-05,
1423,1423.TW,@REWARD WOOL,ok,2430,2026-10-05,
1432,1432.TW,@TAROKO,ok,2430,2026-10-05,
1434,1434.TW,@F.T.C,ok,2430,2026-10-05,
1435,1435.TW,@C.F.CORP.,ok,2430,2026-10-05,
1436,1436.TW,@HUA YU LIEN,ok,2430,2026-10-05,
1437,1437.TW,@GTM,ok,2430,2026-10-05,
1438,1438.TW,@SANDI,ok,2430,2026-10-05,
1439,1439.TW,@ASCENT,ok,2430,2026-10-05,
1440,1440.TW,@TAINAN SPINNING,ok,2430,2026-10-05,
1441,1441.TW,@TAH TONG,ok,2429,2026-10-05,
1442,1442.TW,@ADVANCETEK,ok,2430,2026-10-05,
1443,1443.TW,@LILYTEXTILE,ok,2430,2026-10-05,
1444,1444.TW,@LEALEA,ok,2430,2026-10-05,
1445,1445.TW,@UNIVERSAL,ok,2430,2026-10-05,
1446,1446.TW,@HONG HO,ok,2430,2026-10-05,
1447,1447.TW,@LP,ok,2430,2026-10-05,
1449,1449.TW,@CHIA HER,ok,2430,2026-10-05,
1451,1451.TW,@NIEN HSING,ok,2430,2026-10-05,
1452,1452.TW,@HONG YI,ok,2430,2026-10-05,
1453,1453.TW,@TA JIANG,ok,2430,2026-10-05,
1454,1454.TW,@TTF,ok,2430,2026-10-05,
1455,1455.TW,@ZIG SHENG,ok,2430,2026-10-05,
1456,1456.TW,@I-HWA,ok,2430,2026-10-05,
1457,1457.TW,@YI JINN,ok,2430,2026-10-05,
1459,1459.TW,@LAN FA,ok,2430,2026-10-05,
1460,1460.TW,@EVEREST,ok,2430,2026-10-05,
1463,1463.TW,@CSG,ok,2430,2026-10-05,
1464,1464.TW,@DE LICACY,ok,2430,2026-10-05,
1465,1465.TW,@WISHER,ok,2430,2026-10-05,
1466,1466.TW,@ACELON,ok,2430,2026-10-05,
1467,1467.TW,@TEX-RAY,ok,2430,2026-10-05,
1468,1468.TW,@CHANG HO,ok,2430,2026-10-05,
1470,1470.TW,@EVERTEX,ok,2430,2026-10-05,
1471,1471.TW,@SL,ok,2430,2026-10-05,
1472,1472.TW,@TRI OCEAN,ok,2430,2026-10-05,
1473,1473.TW,@TAINAN,ok,2430,2026-10-05,
1474,1474.TW,@HONMYUE,ok,2430,2026-10-05,
1475,1475.TW,@BIG SUNSHINE,ok,2430,2026-10-05,
1476,1476.TW,@ECLAT,ok,2430,2026-10-05,
1477,1477.TW,@MAKALOT,ok,2430,2026-10-05,
1503,1503.TW,@SEEC,ok,2430,2026-10-05,
1504,1504.TW,@TECO,ok,2430,2026-10-05,
1506,1506.TW,@RIGHT WAY,ok,2430,2026-10-05,
1512,1512.TW,@JL,ok,2430,2026-10-05,
1513,1513.TW,@CHEM,ok,2430,2026-10-05,
1514,1514.TW,@AEC,ok,2430,2026-10-05,
1515,1515.TW,@REXON,ok,2430,2026-10-05,
1516,1516.TW,@FALCON,ok,2430,2026-10-05,
1517,1517.TW,@LEE CHI,ok,2430,2026-10-05,
1519,1519.TW,@FE,ok,2430,2026-10-05,
1521,1521.TW,@TA YIH,ok,2430,2026-10-05,
1522,1522.TW,@TYC,ok,2430,2026-10-05,
1524,1524.TW,@GORDON,ok,2430,2026-10-05,
1525,1525.TW,@KSC,ok,2430,2026-10-05,
1526,1526.TW,@SUNRACE,ok,2430,2026-10-05,
1527,1527.TW,@BASSO,ok,2430,2026-10-05,
1528,1528.TW,@ANDERSON,ok,2430,2026-10-05,
1529,1529.TW,@LUXE,ok,2430,2026-10-05,
1530,1530.TW,@AWEA,ok,2430,2026-10-05,
1531,1531.TW,@KAULIN,ok,2430,2026-10-05,
1532,1532.TW,@CMP,ok,2430,2026-10-05,
1533,1533.TW,@MORE,ok,2430,2026-10-05,
1535,1535.TW,@CEC,ok,2430,2026-10-05,
1536,1536.TW,@HOTA,ok,2430,2026-10-05,
1537,1537.TW,@KUNG LONG,ok,2430,2026-10-05,
1538,1538.TW,@JF,ok,2430,2026-10-05,
1539,1539.TW,@GT,ok,2430,2026-10-05,
1540,1540.TW,@ROUNDTOP,ok,2430,2026-10-05,
1541,1541.TW,@CHANG TYPE,ok,2430,2026-10-05,
1558,1558.TW,@ZENG HSING,ok,2430,2026-10-05,
1560,1560.TW,@KINIK,ok,2430,2026-10-05,
1563,1563.TW,@SAI,ok,2430,2026-10-05,
1568,1568.TW,@T.Y.,ok,2430,2026-10-05,
1582,1582.TW,@SYNCMOLD,ok,2430,2026-10-05,
1583,1583.TW,@GOODWAY,ok,2430,2026-10-05,
1587,1587.TW,@CM,ok,2430,2026-10-05,
1589,1589.TW,@YGG,ok,2430,2026-10-05,
1590,1590.TW,@AIRTAC,ok,2430,2026-10-05,
1597,1597.TW,@CPC,ok,2430,2026-10-05,
1598,1598.TW,@DYACO,ok,2430,2026-10-05,
1603,1603.TW,@CWCO,ok,2430,2026-10-05,
1604,1604.TW,@SAMPO,ok,2430,2026-10-05,
1605,1605.TW,@WALSIN,ok,2430,2026-10-05,
1608,1608.TW,@HE,ok,2430,2026-10-05,
1609,1609.TW,@TA YA,ok,2430,2026-10-05,
1611,1611.TW,@CE,ok,2430,2026-10-05,
1612,1612.TW,@HONG TAI,ok,2430,2026-10-05,
1614,1614.TW,@TAIWAN SANYO,ok,2430,2026-10-05,
1615,1615.TW,@DAH SAN,ok,2430,2026-10-05,
1616,1616.TW,@EVERTOP,ok,2430,2026-10-05,
1617,1617.TW,@JSW,ok,2430,2026-10-05,
1618,1618.TW,@HK,ok,2430,2026-10-05,
1623,1623.TW,@TEWC,ok,573,2026-10-05,
1626,1626.TW,@AIRMATE,ok,2430,2026-10-05,
1702,1702.TW,@NAMCHOW,ok,2430,2026-10-05,
1707,1707.TW,@GKB,ok,2430,2026-10-05,
1708,1708.TW,@SESODA,ok,2430,2026-10-05,
1709,1709.TW,@FUCC,ok,2430,2026-10-05,
1710,1710.TW,@OUCC,ok,2430,2026-10-05,
1711,1711.TW,@EVERLIGHT,ok,2430,2026-10-05,
1712,1712.TW,@SINON,ok,2430,2026-10-05,
1713,1713.TW,@CCW,ok,2430,2026-10-05,
1714,1714.TW,@HO TUNG,ok,2430,2026-10-05,
1717,1717.TW,@ETERNAL,ok,2430,2026-10-05,
1718,1718.TW,@CMFC,ok,2430,2026-10-05,
1720,1720.TW,@S.C.P.C,ok,2430,2026-10-05,
1721,1721.TW,@SUNKO,ok,2430,2026-10-05,
1722,1722.TW,@TFC,ok,2430,2026-10-05,
1723,1723.TW,@CSCC,ok,2430,2026-10-05,
1725,1725.TW,@YJE,ok,2430,2026-10-05,
1726,1726.TW,@Y.C.P.,ok,2430,2026-10-05,
1727,1727.TW,@CHCIW,ok,2430,2026-10-05,
1730,1730.TW,@FARCENT,ok,2430,2026-10-05,
1731,1731.TW,@MAYWUFA,ok,2430,2026-10-05,
1732,1732.TW,@MAO BAO,ok,2430,2026-10-05,
1733,1733.TW,@APEXBIO,ok,2430,2026-10-05,
1734,1734.TW,@SINPHAR,ok,2430,2026-10-05,
1735,1735.TW,@EMC,ok,2430,2026-10-05,
1736,1736.TW,@JHT,ok,2430,2026-10-05,
1737,1737.TW,@TAIYEN,ok,2430,2026-10-05,
1752,1752.TW,@NANG KUANG,ok,1139,2026-10-05,
1760,1760.TW,@PBF,ok,2430,2026-10-05,
1762,1762.TW,@CCSB,ok,2430,2026-10-05,
1773,1773.TW,@SHINY CHEMICAL,ok,2430,2026-10-05,
1776,1776.TW,@HEADWAY,ok,2430,2026-10-05,
1783,1783.TW,@MBI,ok,2430,2026-10-05,
1786,1786.TW,@SVBI,ok,2430,2026-10-05,
1789,1789.TW,@SPT,ok,2430,2026-10-05,
1795,1795.TW,@LOTUS PHARM,ok,2430,2026-10-05,
1802,1802.TW,@TGI,ok,2430,2026-10-05,
1805,1805.TW,@BLG,ok,2430,2026-10-05,
1806,1806.TW,@CHAMPION,ok,2430,2026-10-05,
1808,1808.TW,@RUN LONG,ok,2430,2026-10-05,
1809,1809.TW,@CHINA GLAZE,ok,2430,2026-10-05,
1810,1810.TW,@HCG,ok,2430,2026-10-05,
1817,1817.TW,@SANITAR,ok,2430,2026-10-05,
1903,1903.TW,@SHIHLIN PAPER,ok,2430,2026-10-05,
1904,1904.TW,@CHENG LOONG,ok,2430,2026-10-05,
1905,1905.TW,@CHP,ok,2430,2026-10-05,
1906,1906.TW,@BAOLONG INTL.,ok,2430,2026-10-05,
1907,1907.TW,@YFY,ok,2430,2026-10-05,
1909,1909.TW,@LONGCHEN P&P,ok,2430,2026-10-05,
2002,2002.TW,@CSC,ok,2430,2026-10-05,
2006,2006.TW,@TUNG HO STEEL,ok,2430,2026-10-05,
2007,2007.TW,@YH,ok,2430,2026-10-05,
2008,2008.TW,@KHC,ok,2430,2026-10-05,
2009,2009.TW,@FCC,ok,2430,2026-10-05,
2010,2010.TW,@CHUN YUAN STEEL,ok,2430,2026-10-05,
2012,2012.TW,@CHUN YU,ok,2430,2026-10-05,
2013,2013.TW,@CSSC,ok,2430,2026-10-05,
2014,2014.TW,@CHUNG HUNG,ok,2430,2026-10-05,
2015,2015.TW,@FH,ok,2430,2026-10-05,
2017,2017.TW,@QUINTAIN STEEL,ok,2430,2026-10-05,
2020,2020.TW,@MAYER PIPE,ok,2430,2026-10-05,
2022,2022.TW,@TYCOONS,ok,2430,2026-10-05,
2023,2023.TW,@YP,ok,2430,2026-10-05,
2024,2024.TW,@CHIH LIEN,ok,2430,2026-10-05,
2025,2025.TW,@CSSSC,ok,2430,2026-10-05,
2027,2027.TW,@TC,ok,2430,2026-10-05,
2028,2028.TW,@WEI CHIH,ok,2430,2026-10-05,
2029,2029.TW,@SYSCO,ok,2430,2026-10-05,
2030,2030.TW,@FROCH,ok,2430,2026-10-05,
2031,2031.TW,@HKSSTEEL,ok,2430,2026-10-05,
2032,2032.TW,@SINKANG,ok,2430,2026-10-05,
2033,2033.TW,@CHIA TA,ok,2430,2026-10-05,
2034,2034.TW,@YC,ok,2430,2026-10-05,
2038,2038.TW,@HAIKWANG,ok,2430,2026-10-05,
2049,2049.TW,@HIWIN,ok,2430,2026-10-05,
2059,2059.TW,@KING SLIDE,ok,2430,2026-10-05,
2062,2062.TW,@SSM,ok,2430,2026-10-05,
2069,2069.TW,@YC,ok,2430,2026-10-05,
2072,2072.TW,@CWP,ok,1419,2026-10-05,
2101,2101.TW,@NK,ok,2430,2026-10-05,
2102,2102.TW,@FEDERAL CORP,ok,2430,2026-10-05,
2103,2103.TW,@TSRC,ok,2430,2026-10-05,
2104,2104.TW,@CSRC,ok,2430,2026-10-05,
2105,2105.TW,@CST,ok,2430,2026-10-05,
2106,2106.TW,@KENDA,ok,2430,2026-10-05,
2107,2107.TW,@FRG,ok,2430,2026-10-05,
2108,2108.TW,@NANTEX,ok,2430,2026-10-05,
2109,2109.TW,@HWA FONG,ok,2430,2026-10-05,
2114,2114.TW,@HYC,ok,2430,2026-10-05,
2115,2115.TW,@LUHAI,ok,2430,2026-10-05,
2201,2201.TW,@YL,ok,2430,2026-10-05,
2204,2204.TW,@CMC,ok,2430,2026-10-05,
2206,2206.TW,@SYM,ok,2430,2026-10-05,
2207,2207.TW,@HOTAI MOTOR,ok,2430,2026-10-05,
2208,2208.TW,@CSBC,ok,2430,2026-10-05,
2211,2211.TW,@EGST,ok,1633,2026-10-05,
2227,2227.TW,@YNM,ok,2430,2026-10-05,
2228,2228.TW,@IRF,ok,2430,2026-10-05,
2231,2231.TW,@CUB,ok,2430,2026-10-05,
2233,2233.TW,@TURVO,ok,2430,2026-10-05,
2236,2236.TW,@PATEC,ok,2430,2026-10-05,
2239,2239.TW,@CAYMAN ENGLEY,ok,2430,2026-10-05,
2241,2241.TW,@AMULAIRE,ok,2430,2026-10-05,
2243,2243.TW,@HS,ok,2190,2026-10-05,
2247,2247.TW,@PGUM,ok,2170,2026-10-05,
2248,2248.TW,@ELAND,ok,1958,2026-10-05,
2250,2250.TW,@IKKA-KY,ok,1302,2026-10-05,
2301,2301.TW,@LTC,ok,2430,2026-10-05,
2302,2302.TW,@RECTRON,ok,2430,2026-10-05,
2303,2303.TW,@UMC,ok,2430,2026-10-05,
2305,2305.TW,@MII,ok,2430,2026-10-05,
2308,2308.TW,@DELTA,ok,2430,2026-10-05,
2312,2312.TW,@KINPO,ok,2430,2026-10-05,
2313,2313.TW,@COMPEQ,ok,2430,2026-10-05,
2314,2314.TW,@MTI,ok,2430,2026-10-05,
2316,2316.TW,@WUS,ok,2430,2026-10-05,
2317,2317.TW,@HON HAI,ok,2430,2026-10-05,
2321,2321.TW,@TECOM,ok,2430,2026-10-05,
2323,2323.TW,@CMC,ok,2430,2026-10-05,
2324,2324.TW,@COMPAL,ok,2430,2026-10-05,
2327,2327.TW,@YAGEO,ok,2430,2026-10-05,
2328,2328.TW,@PI,ok,2430,2026-10-05,
2329,2329.TW,@OSE,ok,2430,2026-10-05,
2330,2330.TW,@TSMC,ok,2430,2026-10-05,
2331,2331.TW,@ECS,ok,2430,2026-10-05,
2332,2332.TW,@D-LINK,ok,2430,2026-10-05,
2337,2337.TW,@MACRONIX,ok,2430,2026-10-05,
2338,2338.TW,@TMC,ok,2430,2026-10-05,
2340,2340.TW,@TASC,ok,2430,2026-10-05,
2342,2342.TW,@MVI,ok,2430,2026-10-05,
2344,2344.TW,@WEC,ok,2430,2026-10-05,
2345,2345.TW,@ACCTON,ok,2430,2026-10-05,
2347,2347.TW,@SYNNEX,ok,2430,2026-10-05,
2348,2348.TW,@HIYES,ok,2430,2026-10-05,
2349,2349.TW,@RITEK,ok,2430,2026-10-05,
2351,2351.TW,@SDI,ok,2430,2026-10-05,
2352,2352.TW,@QISDA,ok,2430,2026-10-05,
2353,2353.TW,@ACER,ok,2430,2026-10-05,
2354,2354.TW,@FTC,ok,2430,2026-10-05,
2355,2355.TW,@CHIN-POON,ok,2430,2026-10-05,
2356,2356.TW,@INVENTEC,ok,2430,2026-10-05,
2357,2357.TW,@ASUSTEK,ok,2430,2026-10-05,
2359,2359.TW,@SOLOMON,ok,2430,2026-10-05,
2360,2360.TW,@CHROMA,ok,2430,2026-10-05,
2362,2362.TW,@CLEVO CO.,ok,2430,2026-10-05,
2363,2363.TW,@SIS,ok,2430,2026-10-05,
2364,2364.TW,@TWINHEAD,ok,2430,2026-10-05,
2365,2365.TW,@KYE,ok,2430,2026-10-05,
2367,2367.TW,@UNITECH,ok,2430,2026-10-05,
2368,2368.TW,@GCE,ok,2430,2026-10-05,
2369,2369.TW,@LPI,ok,2430,2026-10-05,
2371,2371.TW,@TATUNG COMPANY,ok,2430,2026-10-05,
2373,2373.TW,@AURORA,ok,2430,2026-10-05,
2374,2374.TW,@ABILITY,ok,2430,2026-10-05,
2375,2375.TW,@KAIMEI,ok,2430,2026-10-05,
2376,2376.TW,@GIGABYTE,ok,2430,2026-10-05,
2377,2377.TW,@MSI,ok,2430,2026-10-05,
2379,2379.TW,@RT,ok,2430,2026-10-05,
2380,2380.TW,@AVISION,ok,2430,2026-10-05,
2382,2382.TW,@QCI,ok,2430,2026-10-05,
2383,2383.TW,@EMC,ok,2430,2026-10-05,
2385,2385.TW,@CHICONY,ok,2430,2026-10-05,
2387,2387.TW,@SUNREX,ok,2430,2026-10-05,
2388,2388.TW,@VIA,ok,2430,2026-10-05,
2390,2390.TW,@EVERSPRING,ok,2430,2026-10-05,
2392,2392.TW,@FOXLINK,ok,2430,2026-10-05,
2393,2393.TW,@EVERLIGHT,ok,2430,2026-10-05,
2395,2395.TW,@ADVANTECH,ok,2430,2026-10-05,
2397,2397.TW,@DFI INC.,ok,2430,2026-10-05,
2399,2399.TW,@BIOSTAR,ok,2430,2026-10-05,
2401,2401.TW,@SUNPLUS,ok,2430,2026-10-05,
2402,2402.TW,@ICHIA,ok,2430,2026-10-05,
2404,2404.TW,@UIS,ok,2430,2026-10-05,
2405,2405.TW,@SHUTTLE,ok,2430,2026-10-05,
2406,2406.TW,@GSC,ok,2430,2026-10-05,
2408,2408.TW,@NTC,ok,2430,2026-10-05,
2409,2409.TW,@AUO,ok,2430,2026-10-05,
2412,2412.TW,@CHT,ok,2430,2026-10-05,
2413,2413.TW,@UMEC,ok,2430,2026-10-05,
2414,2414.TW,@UT,ok,2430,2026-10-05,
2415,2415.TW,@CX TECH,ok,2430,2026-10-05,
2417,2417.TW,@AVERMEDIA,ok,2430,2026-10-05,
2419,2419.TW,@H.T.,ok,2430,2026-10-05,
2420,2420.TW,@ZIPPY,ok,2430,2026-10-05,
2421,2421.TW,@SUNON,ok,2430,2026-10-05,
2423,2423.TW,@GW,ok,2430,2026-10-05,
2424,2424.TW,@LUNG HWA,ok,2430,2026-10-05,
2425,2425.TW,@CHAINTECH,ok,2430,2026-10-05,
2426,2426.TW,@TYNTEK,ok,2430,2026-10-05,
2427,2427.TW,@MDS,ok,2430,2026-10-05,
2428,2428.TW,@THINKING,ok,2430,2026-10-05,
2429,2429.TW,@PWT,ok,2430,2026-10-05,
2430,2430.TW,@TKE,ok,2430,2026-10-05,
2431,2431.TW,@LIEN CHANG,ok,2430,2026-10-05,
2433,2433.TW,@HUXEN,ok,2430,2026-10-05,
2434,2434.TW,@MOSPEC,ok,2430,2026-10-05,
2436,2436.TW,@WELTREND,ok,2430,2026-10-05,
2438,2438.TW,@ENLIGHT,ok,2430,2026-10-05,
2439,2439.TW,@MERRY,ok,2430,2026-10-05,
2440,2440.TW,@SPACE SHUTTLE,ok,2430,2026-10-05,
2441,2441.TW,@GTK,ok,2430,2026-10-05,
2442,2442.TW,@JEAN,ok,2430,2026-10-05,
2444,2444.TW,@ABOCOM,ok,2430,2026-10-05,
2449,2449.TW,@KYEC,ok,2430,2026-10-05,
2450,2450.TW,@SENAO,ok,2430,2026-10-05,
2451,2451.TW,@TRANSCEND,ok,2430,2026-10-05,
2453,2453.TW,@SYSCOM,ok,2430,2026-10-05,
2454,2454.TW,@MEDIATEK,ok,2430,2026-10-05,
2455,2455.TW,@VPEC,ok,2430,2026-10-05,
2457,2457.TW,@PHIHONG,ok,2430,2026-10-05,
2458,2458.TW,@ELAN,ok,2430,2026-10-05,
2459,2459.TW,@AUDIX,ok,2430,2026-10-05,
2460,2460.TW,@GEM,ok,2430,2026-10-05,
2461,2461.TW,@K LASER,ok,2430,2026-10-05,
2462,2462.TW,@LINE TEK,ok,2430,2026-10-05,
2464,2464.TW,@MIRLE,ok,2430,2026-10-05,
2465,2465.TW,@LEADTEK,ok,2430,2026-10-05,
2466,2466.TW,@COSMO,ok,2430,2026-10-05,
2467,2467.TW,@C SUN,ok,2430,2026-10-05,
2468,2468.TW,@FIS,ok,2430,2026-10-05,
2471,2471.TW,@ARES,ok,2430,2026-10-05,
2472,2472.TW,@LELON,ok,2430,2026-10-05,
2474,2474.TW,@CATCHER,ok,2430,2026-10-05,
2476,2476.TW,@GS,ok,2430,2026-10-05,
2477,2477.TW,@MEILOON,ok,2430,2026-10-05,
2478,2478.TW,@TA-I,ok,2430,2026-10-05,
2480,2480.TW,@STARK,ok,2430,2026-10-05,
2481,2481.TW,@PANJIT,ok,2430,2026-10-05,
2482,2482.TW,@UIC,ok,2430,2026-10-05,
2483,2483.TW,@ECE,ok,2430,2026-10-05,
2484,2484.TW,@SIWARD,ok,2430,2026-10-05,
2485,2485.TW,@ZINWELL,ok,2430,2026-10-05,
2486,2486.TW,@I-CHIUN,ok,2430,2026-10-05,
2488,2488.TW,@HANPIN,ok,2430,2026-10-05,
2489,2489.TW,@AMTRAN,ok,2430,2026-10-05,
2491,2491.TW,@FOCL,ok,2430,2026-10-05,
2492,2492.TW,@WTC,ok,2430,2026-10-05,
2493,2493.TW,@AMPOC,ok,2430,2026-10-05,
2495,2495.TW,@INFORTREND,ok,2430,2026-10-05,
2496,2496.TW,@SPC,ok,2430,2026-10-05,
2497,2497.TW,@E-LEAD,ok,2430,2026-10-05,
2498,2498.TW,@HTC,ok,2430,2026-10-05,
2501,2501.TW,@CATHAY RED,ok,2430,2026-10-05,
2504,2504.TW,@GBM,ok,2430,2026-10-05,
2505,2505.TW,@KY,ok,2430,2026-10-05,
2506,2506.TW,@PCC,ok,2430,2026-10-05,
2509,2509.TW,@CHAINQUI,ok,2430,2026-10-05,
2511,2511.TW,@PHD,ok,2430,2026-10-05,
2514,2514.TW,@LONG BON,ok,2430,2026-10-05,
2515,2515.TW,@BES,ok,2430,2026-10-05,
2516,2516.TW,@NEW ASIA,ok,2430,2026-10-05,
2520,2520.TW,@KINDOM,ok,2430,2026-10-05,
2524,2524.TW,@KTC,ok,2430,2026-10-05,
2527,2527.TW,@HUNG CHING,ok,2430,2026-10-05,
2528,2528.TW,@CROWELL,ok,2430,2026-10-05,
2530,2530.TW,@DELPHA,ok,2430,2026-10-05,
2534,2534.TW,@HSC,ok,2430,2026-10-05,
2535,2535.TW,@DA-CIN,ok,2430,2026-10-05,
2536,2536.TW,@HONG PU,ok,2430,2026-10-05,
2537,2537.TW,@WE & WIN,ok,2430,2026-10-05,
2538,2538.TW,@KEETAI,ok,2430,2026-10-05,
2539,2539.TW,@SAKURAD,ok,2430,2026-10-05,
2540,2540.TW,@JSL,ok,2430,2026-10-05,
2542,2542.TW,@HIGHWEALTH,ok,2430,2026-10-05,
2543,2543.TW,@HWANG CHANG,ok,2430,2026-10-05,
2545,2545.TW,@HUANG HSIANG,ok,2430,2026-10-05,
2546,2546.TW,@KEDGE,ok,2430,2026-10-05,
2547,2547.TW,@RADIUM,ok,2430,2026-10-05,
2548,2548.TW,@HUAKU,ok,2430,2026-10-05,
2597,2597.TW,@REC,ok,2430,2026-10-05,
2601,2601.TW,@FSC,ok,2430,2026-10-05,
2603,2603.TW,@EMC,ok,2430,2026-10-05,
2605,2605.TW,@SNC,ok,2430,2026-10-05,
2606,2606.TW,@U-MING,ok,2430,2026-10-05,
2607,2607.TW,@EITC,ok,2430,2026-10-05,
2608,2608.TW,@KERRY TJ,ok,2430,2026-10-05,
2609,2609.TW,@YMTC,ok,2430,2026-10-05,
2610,2610.TW,@CAL,ok,2430,2026-10-05,
2611,2611.TW,@TSI,ok,2430,2026-10-05,
2612,2612.TW,@CMT,ok,2430,2026-10-05,
2613,2613.TW,@CCTC,ok,2430,2026-10-05,
2614,2614.TW,@EMIC,ok,2430,2026-10-05,
2615,2615.TW,@WANHAI,ok,2430,2026-10-05,
2616,2616.TW,@SLC,ok,2430,2026-10-05,
2617,2617.TW,@TNC,ok,2430,2026-10-05,
2618,2618.TW,@EVAAIR,ok,2430,2026-10-05,
2630,2630.TW,@AACL,ok,2337,2026-10-05,
2633,2633.TW,@THSRC,ok,2430,2026-10-05,
2634,2634.TW,@AIDC,ok,2430,2026-10-05,
2636,2636.TW,@T3EX,ok,2430,2026-10-05,
2637,2637.TW,@WISDOM,ok,2430,2026-10-05,
2642,2642.TW,@PELICAN,ok,2430,2026-10-05,
2645,2645.TW,@EGAT,ok,1125,2026-10-05,
2646,2646.TW,@STARLUX AIR,ok,971,2026-10-05,
2701,2701.TW,@WANHWA,ok,2430,2026-10-05,
2702,2702.TW,@HG,ok,2430,2026-10-05,
2704,2704.TW,@AMBH,ok,2430,2026-10-05,
2705,2705.TW,@LEOFOO,ok,2430,2026-10-05,
2706,2706.TW,@FIRST HOTEL,ok,2430,2026-10-05,
2707,2707.TW,@GFRT,ok,2430,2026-10-05,
2712,2712.TW,@FGH,ok,2430,2026-10-05,
2722,2722.TW,@CHATEAU,ok,2430,2026-10-05,
2723,2723.TW,@GOURMET,ok,2430,2026-10-05,
2727,2727.TW,@WOWPRIME,ok,2430,2026-10-05,
2731,2731.TW,@LIONTRAVEL,ok,2430,2026-10-05,
2739,2739.TW,@MY HUMBLE HOUSE,ok,2430,2026-10-05,
2748,2748.TW,@FDC,ok,2430,2026-10-05,
2753,2753.TW,@BAFANG,ok,1460,2026-10-05,
2762,2762.TW,@WORLD GYM,ok,651,2026-10-05,
2801,2801.TW,@CHANG HWA BANK,ok,2430,2026-10-05,
2812,2812.TW,@T.C.C.B.,ok,2430,2026-10-05,
2816,2816.TW,@UNION INS.,ok,2430,2026-10-05,
2820,2820.TW,@CBF,ok,2430,2026-10-05,
2832,2832.TW,@TFMI,ok,2430,2026-10-05,
2834,2834.TW,@TBB,ok,2430,2026-10-05,
2836,2836.TW,@B.O.K,ok,2430,2026-10-05,
2838,2838.TW,@UBOT,ok,2430,2026-10-05,
2845,2845.TW,@FEIB,ok,2430,2026-10-05,
2849,2849.TW,@ENTIE BANK,ok,2430,2026-10-05,
2850,2850.TW,@SK INSURANCE,ok,2430,2026-10-05,
2851,2851.TW,@CENTRAL RE,ok,2430,2026-10-05,
2852,2852.TW,@FIRST INS,ok,2430,2026-10-05,
2855,2855.TW,@PSC,ok,2430,2026-10-05,
2880,2880.TW,@HNFHC,ok,2430,2026-10-05,
2881,2881.TW,@FUBON FINANCIAL,ok,2430,2026-10-05,
2882,2882.TW,@CATHAY FHC,ok,2430,2026-10-05,
2883,2883.TW,@KGI FINANCIAL,ok,2430,2026-10-05,
2884,2884.TW,@E.S.F.H,ok,2430,2026-10-05,
2885,2885.TW,@YUANTA GROUP,ok,2430,2026-10-05,
2886,2886.TW,@MEGA FHC,ok,2430,2026-10-05,
2887,2887.TW,@TS HOLDINGS,ok,2430,2026-10-05,
2889,2889.TW,@IBF,ok,2430,2026-10-05,
2890,2890.TW,@SINOPAC HOLDINGS,ok,2430,2026-10-05,
2891,2891.TW,@CTBC HOLDING,ok,2430,2026-10-05,
2892,2892.TW,@FFHC,ok,2430,2026-10-05,
2897,2897.TW,@O-BANK,ok,2430,2026-10-05,
2901,2901.TW,@SHIN SHIN,ok,2430,2026-10-05,
2903,2903.TW,@FEDS,ok,2430,2026-10-05,
2904,2904.TW,@POCS,ok,2430,2026-10-05,
2905,2905.TW,@MERCURIES,ok,2430,2026-10-05,
2906,2906.TW,@COLLINS,ok,2430,2026-10-05,
2908,2908.TW,@TEST RITE,ok,2430,2026-10-05,
2910,2910.TW,@TONLIN,ok,2430,2026-10-05,
2911,2911.TW,@LES ENPHANTS,ok,2430,2026-10-05,
2912,2912.TW,@PCSC,ok,2430,2026-10-05,
2913,2913.TW,@TTC,ok,2430,2026-10-05,
2915,2915.TW,@RUENTEX IND.LTD,ok,2430,2026-10-05,
2923,2923.TW,@SINO HORIZON,ok,2430,2026-10-05,
2929,2929.TW,@TOPBI,ok,2430,2026-10-05,
2939,2939.TW,@VITAFOSS-KY,ok,2227,2026-10-05,
2945,2945.TW,@SIMPLE MART,ok,1891,2026-10-05,
3002,3002.TW,@AHOKU,ok,2430,2026-10-05,
3003,3003.TW,@KST,ok,2430,2026-10-05,
3004,3004.TW,@NAFCO,ok,2430,2026-10-05,
3005,3005.TW,@GETAC,ok,2430,2026-10-05,
3006,3006.TW,@ESMT,ok,2430,2026-10-05,
3008,3008.TW,@LARGAN,ok,2430,2026-10-05,
3010,3010.TW,@WAH LEE,ok,2430,2026-10-05,
3011,3011.TW,@JH,ok,2430,2026-10-05,
3013,3013.TW,@UNEEC,ok,2430,2026-10-05,
3014,3014.TW,@ITE,ok,2430,2026-10-05,
3015,3015.TW,@FSP,ok,2430,2026-10-05,
3016,3016.TW,@EPI,ok,2430,2026-10-05,
3017,3017.TW,@AVC,ok,2430,2026-10-05,
3018,3018.TW,@LUNG MING,ok,2430,2026-10-05,
3019,3019.TW,@ASIA,ok,2430,2026-10-05,
3021,3021.TW,@WELLTEND,ok,2430,2026-10-05,
3022,3022.TW,@IEI,ok,2430,2026-10-05,
3023,3023.TW,@SINBON,ok,2430,2026-10-05,
3024,3024.TW,@ACTION,ok,2430,2026-10-05,
3025,3025.TW,@LOOP,ok,2430,2026-10-05,
3026,3026.TW,@HOLY STONE,ok,2430,2026-10-05,
3027,3027.TW,@BILLION,ok,2430,2026-10-05,
3028,3028.TW,@ZENITRON,ok,2430,2026-10-05,
3029,3029.TW,@ZERO ONE,ok,2430,2026-10-05,
3030,3030.TW,@TRI,ok,2430,2026-10-05,
3031,3031.TW,@BRIGHT,ok,2430,2026-10-05,
3032,3032.TW,@COMPUCASE,ok,2430,2026-10-05,
3033,3033.TW,@WEIKENG,ok,2430,2026-10-05,
3034,3034.TW,@NOVATEK,ok,2430,2026-10-05,
3035,3035.TW,@FARADAY,ok,2430,2026-10-05,
3036,3036.TW,@WT,ok,2430,2026-10-05,
3037,3037.TW,@UNIMICRON,ok,2430,2026-10-05,
3038,3038.TW,@EDT,ok,2430,2026-10-05,
3040,3040.TW,@G.V.,ok,2430,2026-10-05,
3041,3041.TW,@ALI,ok,2430,2026-10-05,
3042,3042.TW,@TXC,ok,2430,2026-10-05,
3043,3043.TW,@PCM,ok,2430,2026-10-05,
3044,3044.TW,@TRIPOD,ok,2430,2026-10-05,
3045,3045.TW,@TWM,ok,2430,2026-10-05,
3046,3046.TW,@AOPEN,ok,2430,2026-10-05,
3047,3047.TW,@EDIMAX,ok,2430,2026-10-05,
3048,3048.TW,@EDOM,ok,2430,2026-10-05,
3049,3049.TW,@HANNSTOUCH,ok,2430,2026-10-05,
3050,3050.TW,@U-TECH,ok,2430,2026-10-05,
3051,3051.TW,@OPTIMAX,ok,2430,2026-10-05,
3052,3052.TW,@APEX,ok,2430,2026-10-05,
3054,3054.TW,@LIWANLI,ok,2430,2026-10-05,
3055,3055.TW,@SPIROX CORP.,ok,2430,2026-10-05,
3056,3056.TW,@FU HUA,ok,2430,2026-10-05,
3057,3057.TW,@PROMISE,ok,2430,2026-10-05,
3058,3058.TW,@LEI,ok,2430,2026-10-05,
3059,3059.TW,@ALTEK,ok,2430,2026-10-05,
3060,3060.TW,@MIN AIK,ok,2430,2026-10-05,
3062,3062.TW,@CYBERTAN,ok,2430,2026-10-05,
3090,3090.TW,@NDB,ok,2430,2026-10-05,
3092,3092.TW,@HOTRON,ok,2430,2026-10-05,
3094,3094.TW,@DAVICOM,ok,2430,2026-10-05,
3130,3130.TW,@104,ok,2430,2026-10-05,
3135,3135.TW,@GOLDKEY TECH.,ok,502,2026-10-05,
3138,3138.TW,@AUDEN,ok,2430,2026-10-05,
3149,3149.TW,@G-TECH,ok,2430,2026-10-05,
3164,3164.TW,@GENMONT,ok,2430,2026-10-05,
3167,3167.TW,@TA LIANG,ok,2430,2026-10-05,
3168,3168.TW,@DATA IMAGE,ok,2430,2026-10-05,
3189,3189.TW,@KINSUS,ok,2430,2026-10-05,
3209,3209.TW,@ALLTEK,ok,2430,2026-10-05,
3229,3229.TW,@CHEER TIME,ok,2430,2026-10-05,
3231,3231.TW,@WISTRON,ok,2430,2026-10-05,
3257,3257.TW,@CHAMPION,ok,2430,2026-10-05,
3266,3266.TW,@SUNTY,ok,2430,2026-10-05,
3296,3296.TW,@POWERTECH,ok,2430,2026-10-05,
3305,3305.TW,@SHENMAO,ok,2430,2026-10-05,
3308,3308.TW,@BESTEC,ok,2430,2026-10-05,
3311,3311.TW,@SILITECH,ok,2430,2026-10-05,
3312,3312.TW,@GMI,ok,2430,2026-10-05,
3321,3321.TW,@UNIFLEX,ok,2430,2026-10-05,
3338,3338.TW,@TAISOL,ok,2430,2026-10-05,
3346,3346.TW,@LASTER TECH,ok,2430,2026-10-05,
3356,3356.TW,@GEOVISION,ok,2430,2026-10-05,
3376,3376.TW,@SZS,ok,2430,2026-10-05,
3380,3380.TW,@ALPHA,ok,2430,2026-10-05,
3406,3406.TW,@GSEO,ok,2430,2026-10-05,
3413,3413.TW,@FITI,ok,2430,2026-10-05,
3416,3416.TW,@WINMATE,ok,2430,2026-10-05,
3419,3419.TW,@WHAYU,ok,2430,2026-10-05,
3432,3432.TW,@TAI TWUN,ok,2430,2026-10-05,
3437,3437.TW,@AOT,ok,2430,2026-10-05,
3443,3443.TW,@GUC,ok,2430,2026-10-05,
3447,3447.TW,@XAVI,ok,1218,2026-10-05,
3450,3450.TW,@ELASER,ok,2430,2026-10-05,
3481,3481.TW,@INX,ok,2430,2026-10-05,
3494,3494.TW,@HITI,ok,2430,2026-10-05,
3501,3501.TW,@WELL SHIN,ok,2430,2026-10-05,
3504,3504.TW,@YOUNG OPTICS,ok,2430,2026-10-05,
3515,3515.TW,@ASROCK,ok,2430,2026-10-05,
3518,3518.TW,@PT TECH.,ok,2430,2026-10-05,
3528,3528.TW,@ANSTEK,ok,2430,2026-10-05,
3530,3530.TW,@SOI,ok,2430,2026-10-05,
3532,3532.TW,@FST,ok,2430,2026-10-05,
3533,3533.TW,@LOTES,ok,2430,2026-10-05,
3535,3535.TW,@FAVITE,ok,2430,2026-10-05,
3543,3543.TW,@JOCHU,ok,2430,2026-10-05,
3545,3545.TW,@FOCALTECH,ok,2430,2026-10-05,
3550,3550.TW,@COPARTNER,ok,2430,2026-10-05,
3557,3557.TW,@JIAWEI,ok,2430,2026-10-05,
3563,3563.TW,@MACHVISION,ok,2430,2026-10-05,
3576,3576.TW,@URE,ok,2430,2026-10-05,
3583,3583.TW,@SCIENTECH,ok,2430,2026-10-05,
3588,3588.TW,@LD,ok,2430,2026-10-05,
3591,3591.TW,@EDISON OPTO,ok,2430,2026-10-05,
3592,3592.TW,@RAYDIUM,ok,1147,2026-10-05,
3593,3593.TW,@LOGAH,ok,2430,2026-10-05,
3596,3596.TW,@ARCADYAN,ok,2430,2026-10-05,
3605,3605.TW,@ACES,ok,2430,2026-10-05,
3607,3607.TW,@COXON,ok,2430,2026-10-05,
3617,3617.TW,@CYBERPOWER,ok,2430,2026-10-05,
3622,3622.TW,@YFO,ok,2430,2026-10-05,
3645,3645.TW,@TMT,ok,2430,2026-10-05,
3652,3652.TW,@UNITECH ELEC.,ok,2430,2026-10-05,
3653,3653.TW,@JENTECH,ok,2430,2026-10-05,
3661,3661.TW,@ALCHIP,ok,2430,2026-10-05,
3665,3665.TW,@BHI(BIZLINK),ok,2430,2026-10-05,
3669,3669.TW,@AVER,ok,2430,2026-10-05,
3673,3673.TW,@TPK,ok,2430,2026-10-05,
3679,3679.TW,@NISHOKU,ok,2430,2026-10-05,
3686,3686.TW,@DANEN,ok,2430,2026-10-05,
3694,3694.TW,@AZUREWAVE,ok,2430,2026-10-05,
3701,3701.TW,@FICG,ok,2430,2026-10-05,
3702,3702.TW,@WPG,ok,2430,2026-10-05,
3703,3703.TW,@CHC,ok,2430,2026-10-05,
3704,3704.TW,@ZYXEL GROUP,ok,2430,2026-10-05,
3705,3705.TW,@Y.S.H.,ok,2430,2026-10-05,
3706,3706.TW,@MHC,ok,2430,2026-10-05,
3708,3708.TW,@SWANCOR,ok,2430,2026-10-05,
3711,3711.TW,@ASEH,ok,2430,2026-10-05,
3712,3712.TW,@FITH,ok,1945,2026-10-05,
3714,3714.TW,@ENNOSTAR,ok,1393,2026-10-05,
3715,3715.TW,@DYNAMIC HOLDING,ok,995,2026-10-05,
3716,3716.TW,@CENRA INC.,ok,507,2026-10-05,
3717,3717.TW,@EOI HOLDING,ok,277,2026-10-05,
4104,4104.TW,@EXCELSIOR,ok,2430,2026-10-05,
4106,4106.TW,@WELLELL,ok,2430,2026-10-05,
4108,4108.TW,@PHYTOHEALTH,ok,2430,2026-10-05,
4119,4119.TW,@SCI,ok,2430,2026-10-05,
4133,4133.TW,@ABNOVA,ok,2430,2026-10-05,
4137,4137.TW,@CHLITINA-KY,ok,2430,2026-10-05,
4142,4142.TW,@ADIM,ok,2430,2026-10-05,
4148,4148.TW,@ACBT,ok,2269,2026-10-05,
4155,4155.TW,@OK BIOTECH,ok,2430,2026-10-05,
4164,4164.TW,@CHC,ok,2430,2026-10-05,
4169,4169.TW,@TCM,ok,2430,2026-10-05,
4178,4178.TW,@STEMCYTE,ok,425,2026-10-05,
4190,4190.TW,@JDS,ok,2430,2026-10-05,
4306,4306.TW,@YC,ok,2430,2026-10-05,
4414,4414.TW,@ROO HSING,ok,2430,2026-10-05,
4426,4426.TW,@LI CHENG,ok,2430,2026-10-05,
4438,4438.TW,@QVE,ok,2430,2026-10-05,
4439,4439.TW,@TST GROUP,ok,1659,2026-10-05,
4440,4440.TW,@YI SHIN,ok,1716,2026-10-05,
4441,4441.TW,@GGF,ok,1134,2026-10-05,
4526,4526.TW,@TONGTAI,ok,2430,2026-10-05,
4532,4532.TW,@RECHI,ok,2430,2026-10-05,
4536,4536.TW,@TOPKEY,ok,2430,2026-10-05,
4540,4540.TW,@TBI MOTION,ok,2430,2026-10-05,
4545,4545.TW,@MAP,ok,2430,2026-10-05,
4551,4551.TW,@GLOBAL PMX,ok,2430,2026-10-05,
4552,4552.TW,@LIDA,ok,2430,2026-10-05,
4555,4555.TW,@CHELIC,ok,2430,2026-10-05,
4557,4557.TW,@YUSIN,ok,2430,2026-10-05,
4560,4560.TW,@STRONG H,ok,2383,2026-10-05,
4562,4562.TW,@YHT,ok,2430,2026-10-05,
4564,4564.TW,@MOSA,ok,2356,2026-10-05,
4566,4566.TW,@GLOBAL TEK,ok,2337,2026-10-05,
4569,4569.TW,@SIXXON,ok,773,2026-10-05,
4571,4571.TW,@KHGEARS,ok,1713,2026-10-05,
4572,4572.TW,@DPI,ok,2012,2026-10-05,
4576,4576.TW,@HMC,ok,1926,2026-10-05,
4581,4581.TW,@WKG,ok,1601,2026-10-05,
4583,4583.TW,@APEXDYNA,ok,1418,2026-10-05,
4585,4585.TW,@TRI,ok,490,2026-10-05,
4588,4588.TW,@ARCH METER,ok,947,2026-10-05,
4720,4720.TW,@TEX YEAR,ok,2430,2026-10-05,
4722,4722.TW,@QPC,ok,2430,2026-10-05,
4736,4736.TW,@TAIDOC,ok,2430,2026-10-05,
4737,4737.TW,@BIONIME,ok,2430,2026-10-05,
4739,4739.TW,@COREMAX,ok,2430,2026-10-05,
4746,4746.TW,@FRMSL,ok,2430,2026-10-05,
4755,4755.TW,@SAN FU,ok,2430,2026-10-05,
4763,4763.TW,@ACE,ok,2430,2026-10-05,
4764,4764.TW,@DBC,ok,2425,2026-10-05,
4766,4766.TW,@NAN PAO,ok,2238,2026-10-05,
4770,4770.TW,@ASC,ok,1461,2026-10-05,
4771,4771.TW,@VF,ok,1195,2026-10-05,
4807,4807.TW,@RH,ok,2393,2026-10-05,
4904,4904.TW,@FAR EASTONE,ok,2430,2026-10-05,
4906,4906.TW,@GEMTEK,ok,2430,2026-10-05,
4912,4912.TW,@Lemtech-KY,ok,2430,2026-10-05,
4915,4915.TW,@PRIMAX,ok,2430,2026-10-05,
4916,4916.TW,@PARPRO,ok,2430,2026-10-05,
4919,4919.TW,@NTC,ok,2430,2026-10-05,
4927,4927.TW,@APEX,ok,2430,2026-10-05,
4930,4930.TW,@STAR COMGISTIC,ok,2430,2026-10-05,
4934,4934.TW,@TAINERGY,ok,2430,2026-10-05,
4935,4935.TW,@GLT,ok,2430,2026-10-05,
4938,4938.TW,@PEGATRON,ok,2430,2026-10-05,
4942,4942.TW,@CHIA CHANG,ok,2430,2026-10-05,
4943,4943.TW,@CONCRAFT,ok,2430,2026-10-05,
4949,4949.TW,@WIN WIN,ok,2430,2026-10-05,
4952,4952.TW,@GENERALPLUS,ok,2430,2026-10-05,
4956,4956.TW,@EPILEDS,ok,2430,2026-10-05,
4958,4958.TW,@ZDT,ok,2430,2026-10-05,
4960,4960.TW,@CMMT,ok,2430,2026-10-05,
4961,4961.TW,@FITIPOWER,ok,2430,2026-10-05,
4967,4967.TW,@TEAM,ok,2430,2026-10-05,
4968,4968.TW,@RICHWAVE,ok,2430,2026-10-05,
4976,4976.TW,@CALIN,ok,2430,2026-10-05,
4977,4977.TW,@PCL,ok,2430,2026-10-05,
4989,4989.TW,@LCYT,ok,2430,2026-10-05,
4994,4994.TW,@X-LEGEND,ok,2430,2026-10-05,
4999,4999.TW,@SINHER,ok,2430,2026-10-05,
5007,5007.TW,@SAN SHING,ok,2430,2026-10-05,
5203,5203.TW,@CYBERLINK,ok,2430,2026-10-05,
5215,5215.TW,@KO JA,ok,2430,2026-10-05,
5222,5222.TW,@TRANSCOM,ok,2430,2026-10-05,
5225,5225.TW,@EASTECH,ok,2430,2026-10-05,
5234,5234.TW,@DAXIN,ok,2430,2026-10-05,
5236,5236.TW,@SUNPLUSIT,ok,1464,2026-10-05,
5243,5243.TW,@ESON,ok,2430,2026-10-05,
5244,5244.TW,@BRIGHTEK,ok,1139,2026-10-05,
5258,5258.TW,@CASTLES,ok,2430,2026-10-05,
5269,5269.TW,@ASMEDIA,ok,2430,2026-10-05,
5283,5283.TW,@HERAN,ok,2430,2026-10-05,
5284,5284.TW,@JPP,ok,2430,2026-10-05,
5285,5285.TW,@JIH LIN,ok,2430,2026-10-05,
5288,5288.TW,@EUROCHARM,ok,2430,2026-10-05,
5292,5292.TW,@DTECH,ok,1638,2026-10-05,
5306,5306.TW,@KMC,ok,2430,2026-10-05,
5388,5388.TW,@SERCOMM,ok,2430,2026-10-05,
5434,5434.TW,@TOPCO,ok,2430,2026-10-05,
5469,5469.TW,@HSB,ok,2430,2026-10-05,
5471,5471.TW,@SONIX,ok,2430,2026-10-05,
5484,5484.TW,@EVERFOCUS,ok,2430,2026-10-05,
5515,5515.TW,@CHIEN KUO,ok,2430,2026-10-05,
5519,5519.TW,@LD,ok,2430,2026-10-05,
5521,5521.TW,@KSECO,ok,2430,2026-10-05,
5522,5522.TW,@FARGLORY,ok,2430,2026-10-05,
5525,5525.TW,@SWEETEN,ok,2430,2026-10-05,
5531,5531.TW,@SHINING,ok,2430,2026-10-05,
5533,5533.TW,@FOUNDING,ok,2430,2026-10-05,
5534,5534.TW,@CHONG HONG,ok,2430,2026-10-05,
5538,5538.TW,@TONG MING,ok,2430,2026-10-05,
5546,5546.TW,@YGI,ok,1552,2026-10-05,
5607,5607.TW,@FARGLORY FTZ,ok,2430,2026-10-05,
5608,5608.TW,@S. W.,ok,2430,2026-10-05,
5706,5706.TW,@PHX TOUR,ok,2430,2026-10-05,
5871,5871.TW,@CHAILEASE,ok,2430,2026-10-05,
5876,5876.TW,@SCSB,ok,2430,2026-10-05,
5880,5880.TW,@TCFHC,ok,2430,2026-10-05,
5906,5906.TW,@TAINAN CAYMAN,ok,2430,2026-10-05,
5907,5907.TW,@GORG,ok,2430,2026-10-05,
6005,6005.TW,@CSC,ok,2430,2026-10-05,
6024,6024.TW,@CFC,ok,2430,2026-10-05,
6108,6108.TW,@APCB INC.,ok,2430,2026-10-05,
6112,6112.TW,@METAAGE,ok,2430,2026-10-05,
6115,6115.TW,@I-SHENG,ok,2430,2026-10-05,
6116,6116.TW,@HANNSTAR,ok,2430,2026-10-05,
6117,6117.TW,@IN WIN,ok,2430,2026-10-05,
6120,6120.TW,@DARWIN,ok,2430,2026-10-05,
6128,6128.TW,@GPI,ok,2430,2026-10-05,
6133,6133.TW,@GBE,ok,2430,2026-10-05,
6136,6136.TW,@FTC,ok,2430,2026-10-05,
6139,6139.TW,@L & K,ok,2430,2026-10-05,
6141,6141.TW,@PLOTECH,ok,2430,2026-10-05,
6142,6142.TW,@CAMEO,ok,2430,2026-10-05,
6152,6152.TW,@PRIME,ok,2430,2026-10-05,
6153,6153.TW,@CAREER TECH.,ok,2430,2026-10-05,
6155,6155.TW,@KC,ok,2430,2026-10-05,
6164,6164.TW,@LEDTECH,ok,2430,2026-10-05,
6165,6165.TW,@LANG,ok,2430,2026-10-05,
6166,6166.TW,@ADLINK,ok,2430,2026-10-05,
6168,6168.TW,@HARVATEK CORPOR,ok,2430,2026-10-05,
6176,6176.TW,@ROEC,ok,2430,2026-10-05,
6177,6177.TW,"@DA-LI CO.,LTD.",ok,2430,2026-10-05,
6183,6183.TW,@TRADE-VAN,ok,2430,2026-10-05,
6184,6184.TW,@DAFENG TV LTD.,ok,2430,2026-10-05,
6189,6189.TW,@PROMATE,ok,2430,2026-10-05,
6191,6191.TW,@GBM,ok,2430,2026-10-05,
6192,6192.TW,@LUMAX,ok,2430,2026-10-05,
6196,6196.TW,@MIC,ok,2430,2026-10-05,
6197,6197.TW,@JPC,ok,2430,2026-10-05,
6201,6201.TW,@YAHORNG,ok,2430,2026-10-05,
6202,6202.TW,@HOLTEK,ok,2430,2026-10-05,
6205,6205.TW,@COXOC,ok,2430,2026-10-05,
6206,6206.TW,@FLYTECH,ok,2430,2026-10-05,
6209,6209.TW,@KINKO,ok,2430,2026-10-05,
6213,6213.TW,@ITEQ,ok,2430,2026-10-05,
6214,6214.TW,@SYSTEX,ok,2430,2026-10-05,
6215,6215.TW,@AUROTEK,ok,2430,2026-10-05,
6224,6224.TW,@PTTC.,ok,2430,2026-10-05,
6225,6225.TW,@AIPLEX,ok,2430,2026-10-05,
6226,6226.TW,@PARA LIGHT,ok,2430,2026-10-05,
6230,6230.TW,@NCCI,ok,2430,2026-10-05,
6235,6235.TW,@WAFFER,ok,2430,2026-10-05,
6239,6239.TW,@PTI,ok,2430,2026-10-05,
6243,6243.TW,@ENE,ok,2430,2026-10-05,
6257,6257.TW,@SIGURD,ok,2430,2026-10-05,
6269,6269.TW,@FLEXIUM,ok,2430,2026-10-05,
6271,6271.TW,@THEIL,ok,2430,2026-10-05,
6272,6272.TW,@WIESON,ok,2430,2026-10-05,
6277,6277.TW,@ATEN,ok,2430,2026-10-05,
6278,6278.TW,@TSMT,ok,2430,2026-10-05,
6281,6281.TW,@E-LIFE,ok,2430,2026-10-05,
6282,6282.TW,@ACBEL,ok,2430,2026-10-05,
6283,6283.TW,@SOE,ok,2430,2026-10-05,
6285,6285.TW,@WNC,ok,2430,2026-10-05,
6405,6405.TW,@ONANO,ok,2430,2026-10-05,
6409,6409.TW,@VOLTRONIC,ok,2430,2026-10-05,
6412,6412.TW,@CHICONY POWER,ok,2430,2026-10-05,
6414,6414.TW,@ENNOCONN,ok,2430,2026-10-05,
6415,6415.TW,@SILERGY,ok,2430,2026-10-05,
6416,6416.TW,@CASWELL,ok,2430,2026-10-05,
6426,6426.TW,@APOGEE,ok,2430,2026-10-05,
6431,6431.TW,@KL,ok,2430,2026-10-05,
6438,6438.TW,@SAA,ok,2430,2026-10-05,
6442,6442.TW,@EZCONN,ok,2430,2026-10-05,
6443,6443.TW,@TSEC,ok,2430,2026-10-05,
6446,6446.TW,@PEC,ok,2430,2026-10-05,
6449,6449.TW,@APAQ,ok,2430,2026-10-05,
6451,6451.TW,@SHUNSIN,ok,2430,2026-10-05,
6456,6456.TW,@GIS,ok,2430,2026-10-05,
6464,6464.TW,@TOP MSO,ok,2430,2026-10-05,
6472,6472.TW,@BORA,ok,2430,2026-10-05,
6477,6477.TW,@ANJI,ok,2430,2026-10-05,
6491,6491.TW,@PEGAVISION,ok,2430,2026-10-05,
6504,6504.TW,@NAN LIU,ok,2430,2026-10-05,
6505,6505.TW,@FPCC,ok,2430,2026-10-05,
6515,6515.TW,@WINWAY,ok,1671,2026-10-05,
6525,6525.TW,@GEM,ok,2430,2026-10-05,
6526,6526.TW,@AIROHA,ok,2430,2026-10-05,
6531,6531.TW,@AP MEMORY,ok,2430,2026-10-05,
6533,6533.TW,@ANDES,ok,2430,2026-10-05,
6541,6541.TW,@TANVEX,ok,2430,2026-10-05,
6550,6550.TW,@PG,ok,2430,2026-10-05,
6552,6552.TW,@JMC,ok,2430,2026-10-05,
6558,6558.TW,@SYNERGY,ok,2430,2026-10-05,
6573,6573.TW,@HY,ok,2192,2026-10-05,
6579,6579.TW,@AAEON,ok,2430,2026-10-05,
6581,6581.TW,@TSU,ok,2430,2026-10-05,
6582,6582.TW,@SHIN FOONG,ok,2430,2026-10-05,
6585,6585.TW,@DINGZING,ok,2430,2026-10-05,
6589,6589.TW,@EIRGENIX,ok,2397,2026-10-05,
6591,6591.TW,@SUN MAX,ok,2392,2026-10-05,
6592,6592.TW,@HOTAI FINANCE,ok,1936,2026-10-05,
6598,6598.TW,@APPLIED BIOCODE,ok,2348,2026-10-05,
6605,6605.TW,@DEPO,ok,2430,2026-10-05,
6606,6606.TW,@KENT,ok,2430,2026-10-05,
6614,6614.TW,@IISI,ok,506,2026-10-05,
6625,6625.TW,@BINLIVE,ok,2315,2026-10-05,
6641,6641.TW,@GSD-KY,ok,1950,2026-10-05,
6655,6655.TW,@KD,ok,2152,2026-10-05,
6657,6657.TW,@ENERGENESIS,ok,1982,2026-10-05,
6658,6658.TW,@SYNPOWER,ok,1192,2026-10-05,
6666,6666.TW,@LLF-KY,ok,1911,2026-10-05,
6668,6668.TW,@ZHONG YANG,ok,2148,2026-10-05,
6669,6669.TW,@WIWYNN,ok,2161,2026-10-05,
6670,6670.TW,@FSP,ok,2148,2026-10-05,
6671,6671.TW,@SAN NENG-KY,ok,1895,2026-10-05,
6672,6672.TW,@VENTEC,ok,2116,2026-10-05,
6674,6674.TW,@CBN,ok,2127,2026-10-05,
6689,6689.TW,@ECV,ok,1998,2026-10-05,
6691,6691.TW,@YANKEY,ok,1982,2026-10-05,
6695,6695.TW,@ICATCHTEK,ok,1882,2026-10-05,
6698,6698.TW,@FINEMAT,ok,1934,2026-10-05,
6706,6706.TW,@FITTECH,ok,1911,2026-10-05,
6715,6715.TW,@LINTES,ok,1913,2026-10-05,
6719,6719.TW,@UPI,ok,1143,2026-10-05,
6722,6722.TW,@WHETRON,ok,825,2026-10-05,
6742,6742.TW,@VTI,ok,1191,2026-10-05,
6743,6743.TW,@AMPACS,ok,1659,2026-10-05,
6753,6753.TW,@LUNGTEH,ok,1389,2026-10-05,
6754,6754.TW,@RICH HONOUR,ok,1695,2026-10-05,
6756,6756.TW,@VLI,ok,1648,2026-10-05,
6757,6757.TW,@TTW,ok,1652,2026-10-05,
6768,6768.TW,@SPG-KY,ok,1328,2026-10-05,
6770,6770.TW,@PSMC,ok,1412,2026-10-05,
6776,6776.TW,@WEBLINK,ok,1589,2026-10-05,
6781,6781.TW,@AES-KY,ok,1348,2026-10-05,
6782,6782.TW,@VISCO,ok,1492,2026-10-05,
6789,6789.TW,@VISERA,ok,1339,2026-10-05,
6790,6790.TW,@YFYCPG,ok,1443,2026-10-05,
6792,6792.TW,@UNICTRON,ok,1426,2026-10-05,
6794,6794.TW,@UNICOCELL,ok,1400,2026-10-05,
6796,6796.TW,@MIIS,ok,1332,2026-10-05,
6799,6799.TW,@M3TEK,ok,1420,2026-10-05,
6805,6805.TW,@FOSITEK,ok,1425,2026-10-05,
6807,6807.TW,@FY-KY,ok,1082,2026-10-05,
6830,6830.TW,@MSS,ok,1262,2026-10-05,
6831,6831.TW,@MICROLOOPS,ok,1251,2026-10-05,
6834,6834.TW,@EVEROHMS,ok,1241,2026-10-05,
6835,6835.TW,@CMI,ok,1256,2026-10-05,
6838,6838.TW,@FRMSP,ok,1212,2026-10-05,
6861,6861.TW,@INCX,ok,1175,2026-10-05,
6862,6862.TW,@TRIO-KY,ok,474,2026-10-05,
6863,6863.TW,@ARIZON RFID,ok,859,2026-10-05,
6869,6869.TW,@J&V ENERGY,ok,1140,2026-10-05,
6885,6885.TW,@BRIM,ok,1040,2026-10-05,
6887,6887.TW,@BORETECH-KY,ok,383,2026-10-05,
6890,6890.TW,@LAI YIH,ok,563,2026-10-05,
6901,6901.TW,@DIAMOND BIOFUND,ok,1019,2026-10-05,
6902,6902.TW,@GOGOLOOK,ok,782,2026-10-05,
6906,6906.TW,@GROUNDHOG,ok,918,2026-10-05,
6909,6909.TW,@TCT,ok,854,2026-10-05,
6914,6914.TW,@PSS,ok,903,2026-10-05,
6916,6916.TW,@WINSTAR,ok,951,2026-10-05,
6918,6918.TW,@A PLUS BIOTECH,ok,903,2026-10-05,
6919,6919.TW,@CALIWAY,ok,911,2026-10-05,
6923,6923.TW,@CTRT,ok,854,2026-10-05,
6928,6928.TW,@UTI,ok,834,2026-10-05,
6931,6931.TW,@QING SONG,ok,910,2026-10-05,
6933,6933.TW,@AMAX,ok,705,2026-10-05,
6934,6934.TW,@HCMED,ok,554,2026-10-05,
6937,6937.TW,@SKYTECH,ok,854,2026-10-05,
6944,6944.TW,@MEGA UNION,ok,837,2026-10-05,
6947,6947.TW,@TECHZONE,ok,776,2026-10-05,
6952,6952.TW,@DWS,ok,798,2026-10-05,
6957,6957.TW,@HORIZON,ok,552,2026-10-05,
6958,6958.TW,@INFINITE,ok,797,2026-10-05,
6962,6962.TW,@ITH-KY,ok,451,2026-10-05,
6965,6965.TW,@CJ,ok,387,2026-10-05,
6994,6994.TW,@FWP,ok,674,2026-10-05,
7689,7689.TW,@CLIMAX,ok,242,2026-10-05,
7705,7705.TW,@MERCURIES F&B,ok,673,2026-10-05,
7711,7711.TW,@ASROCK RACK,ok,212,2026-10-05,
7721,7721.TW,@MICROPROGRAM,ok,670,2026-10-05,
7722,7722.TW,@LINEPAY,ok,649,2026-10-05,
7732,7732.TW,@KING SHING,ok,624,2026-10-05,
7736,7736.TW,@HUSHAN,ok,614,2026-10-05,
7749,7749.TW,@IGO-KY,ok,321,2026-10-05,
7750,7750.TW,@SYNTEC,ok,559,2026-10-05,
7760,7760.TW,@ENJOY,ok,463,2026-10-05,
7765,7765.TW,@CHT SECURITY,ok,516,2026-10-05,
7768,7768.TW,@PVI,ok,370,2026-10-05,
7769,7769.TW,@HON,ok,468,2026-10-05,
7780,7780.TW,@DAIKEN,ok,471,2026-10-05,
7786,7786.TW,@DFO,ok,472,2026-10-05,
7788,7788.TW,@SONG CHUAN,ok,469,2026-10-05,
7791,7791.TW,@LUCKY ROYAL,ok,229,2026-10-05,
7795,7795.TW,@EPM,ok,442,2026-10-05,
7799,7799.TW,@HNMC,ok,256,2026-10-05,
7818,7818.TW,@KEMFLO,ok,406,2026-10-05,
7821,7821.TW,@MDT,ok,371,2026-10-05,
7822,7822.TW,@V5 TECHNOLOGIES,ok,373,2026-10-05,
7855,7855.TW,@HLC,ok,29,2026-10-05,
8011,8011.TW,@TTCC,ok,2430,2026-10-05,
8016,8016.TW,@SITRONIX,ok,2430,2026-10-05,
8021,8021.TW,@TOPOINT,ok,2430,2026-10-05,
8028,8028.TW,@PSI,ok,2430,2026-10-05,
8033,8033.TW,@TT,ok,2430,2026-10-05,
8039,8039.TW,@TAIFLEX,ok,2430,2026-10-05,
8045,8045.TW,@TWOWAY,ok,2279,2026-10-05,
8046,8046.TW,@N.P.C,ok,2430,2026-10-05,
8070,8070.TW,@CHANG WAH,ok,2430,2026-10-05,
8072,8072.TW,@AV TECH,ok,2430,2026-10-05,
8081,8081.TW,@GMT,ok,2430,2026-10-05,
8101,8101.TW,@ARIMA COMM.,ok,2430,2026-10-05,
8103,8103.TW,@CVILUX,ok,2430,2026-10-05,
8104,8104.TW,@RITDISPLAY,ok,2430,2026-10-05,
8105,8105.TW,@GIANTPLUS,ok,2430,2026-10-05,
8110,8110.TW,@WALTON,ok,2430,2026-10-05,
8112,8112.TW,@SUPREME,ok,2430,2026-10-05,
8114,8114.TW,@POSIFLEX,ok,2430,2026-10-05,
8131,8131.TW,@FATC,ok,2430,2026-10-05,
8150,8150.TW,@CHIPMOS,ok,2430,2026-10-05,
8163,8163.TW,@DARFON,ok,2430,2026-10-05,
8201,8201.TW,@BESTA,ok,2430,2026-10-05,
8210,8210.TW,@CHENBRO,ok,2430,2026-10-05,
8213,8213.TW,@TPT,ok,2430,2026-10-05,
8215,8215.TW,@BMC,ok,2430,2026-10-05,
8222,8222.TW,@AERO WIN,ok,2430,2026-10-05,
8249,8249.TW,@CSI,ok,2430,2026-10-05,
8261,8261.TW,@APEC,ok,2430,2026-10-05,
8271,8271.TW,@APACER,ok,2430,2026-10-05,
8341,8341.TW,@SF,ok,2430,2026-10-05,
8367,8367.TW,@CS,ok,2321,2026-10-05,
8374,8374.TW,@ACE PILLAR,ok,2430,2026-10-05,
8404,8404.TW,@PAIHO SHIH,ok,2430,2026-10-05,
8411,8411.TW,@KINGCAN,ok,2430,2026-10-05,
8422,8422.TW,@CLEANAWAY,ok,2430,2026-10-05,
8429,8429.TW,@JINLI,ok,2430,2026-10-05,
8438,8438.TW,@AMIA,ok,2430,2026-10-05,
8442,8442.TW,@WW,ok,2407,2026-10-05,
8443,8443.TW,@ASO,ok,2430,2026-10-05,
8454,8454.TW,@MOMO,ok,2430,2026-10-05,
8462,8462.TW,@POWER WIND,ok,2430,2026-10-05,
8463,8463.TW,@RTM,ok,2430,2026-10-05,
8464,8464.TW,@NIEN MADE,ok,2430,2026-10-05,
8466,8466.TW,@M.J.,ok,2413,2026-10-05,
8467,8467.TW,@BONNY,ok,2430,2026-10-05,
8473,8473.TW,@FOREST WATER,ok,2430,2026-10-05,
8476,8476.TW,@TESC,ok,2430,2026-10-05,
8478,8478.TW,@OCEANALEXANDER,ok,2430,2026-10-05,
8481,8481.TW,@TRANSART,ok,2430,2026-10-05,
8482,8482.TW,@SHANE GLOBAL,ok,1977,2026-10-05,
8488,8488.TW,@JYPKG,ok,2382,2026-10-05,
8499,8499.TW,@TOP BRIGHT,ok,2152,2026-10-05,
8926,8926.TW,@TCC,ok,2430,2026-10-05,
8940,8940.TW,@NEW PALACE,ok,2430,2026-10-05,
8996,8996.TW,@KAORI,ok,2430,2026-10-05,
9103,9103.TW,@MEDTECS,ok,2430,2026-10-05,
9105,9105.TW,@CCET,ok,2430,2026-10-05,
9110,9110.TW,@VMEP HOLDINGS,ok,2430,2026-10-05,
9136,9136.TW,@JU TENG,ok,2430,2026-10-05,
9802,9802.TW,@FULGENT SUN,ok,2430,2026-10-05,
9902,9902.TW,@TIDEHOLD,ok,2430,2026-10-05,
9904,9904.TW,@PCC,ok,2430,2026-10-05,
9905,9905.TW,@GCM,ok,2430,2026-10-05,
9906,9906.TW,@HSIN BA BA,ok,2430,2026-10-05,
9907,9907.TW,@TON YI,ok,2430,2026-10-05,
9908,9908.TW,@GTG,ok,2430,2026-10-05,
9910,9910.TW,@FT,ok,2430,2026-10-05,
9911,9911.TW,@TAIWAN SAKURA,ok,2430,2026-10-05,
9912,9912.TW,@AIC,ok,2430,2026-10-05,
9914,9914.TW,@MIC,ok,2430,2026-10-05,
9917,9917.TW,@TAIWAN SECOM,ok,2430,2026-10-05,
9918,9918.TW,@S.S.N.G,ok,2430,2026-10-05,
9919,9919.TW,@KNH,ok,2430,2026-10-05,
9921,9921.TW,@GIANT,ok,2430,2026-10-05,
9924,9924.TW,@TAIWAN FU HSING,ok,2430,2026-10-05,
9925,9925.TW,@SKS,ok,2430,2026-10-05,
9926,9926.TW,@S.H.,ok,2430,2026-10-05,
9927,9927.TW,@TMI,ok,2430,2026-10-05,
9928,9928.TW,@CTV,ok,2430,2026-10-05,
9929,9929.TW,@CHOICE,ok,2430,2026-10-05,
9930,9930.TW,@CHC,ok,2430,2026-10-05,
9931,9931.TW,@HSIN KAO,ok,2430,2026-10-05,
9933,9933.TW,@CTCI,ok,2430,2026-10-05,
9934,9934.TW,@GUIC,ok,2430,2026-10-05,
9935,9935.TW,@CF,ok,2430,2026-10-05,
9937,9937.TW,@NPC,ok,2430,2026-10-05,
9938,9938.TW,@TAIWAN PAIHO,ok,2430,2026-10-05,
9939,9939.TW,@HON CHUAN,ok,2430,2026-10-05,
9940,9940.TW,@SINYI,ok,2430,2026-10-05,
9941,9941.TW,@TAC,ok,2430,2026-10-05,
9942,9942.TW,@MAO SHUN,ok,2430,2026-10-05,
9943,9943.TW,@HOLIDAY,ok,2430,2026-10-05,
9944,9944.TW,@SHINIH,ok,2430,2026-10-05,
9945,9945.TW,@RUENTEX DEVELOP,ok,2430,2026-10-05,
9946,9946.TW,@SAN FAR,ok,2430,2026-10-05,
9955,9955.TW,@SDTI,ok,2430,2026-10-05,
9958,9958.TW,@CIS,ok,2430,2026-10-05,
